simbolo,llr0,llr1,llr2,llr3
0,2.8105,-2.8105,-1.1355,-1.5177
1,3.5156,-3.5156,-1.3631,-1.8557
2,2.5762,-3.1446,-1.3548,-1.6764
3,1.8340,-2.3857,-1.5343,-1.8254
4,3.4147,-3.5424,-1.9531,-1.9346
5,2.5572,-3.5509,-2.6943,-2.2813
6,2.4403,-2.4403,-2.6835,-2.8508
7,1.2925,-1.4840,-1.4840,-1.4840
8,-0.8501,0.5244,0.5244,0.5244
9,-1.4620,-1.4249,1.4249,1.3295
10,0.3246,0.9293,0.3246,-0.3246
11,-0.2788,0.6598,-0.2788,-1.3983
12,0.3627,0.8915,-0.6997,-0.3926
13,-0.6406,-0.8446,0.6406,0.6406
14,0.4005,0.4005,0.3589,0.3589
15,0.8292,-0.9475,-0.8292,-0.8292
16,1.8613,-1.8613,-2.4153,-1.8613
17,-1.0848,1.5505,0.8226,-1.4048
18,0.4127,-0.7635,-0.7635,-0.8089
19,0.4793,-0.7151,-0.4978,-0.4978
20,-0.2005,0.2045,-0.0979,-0.2045
21,-0.9044,-0.9044,-1.1030,-1.0812
22,-0.9306,0.9306,1.1792,-0.9306
23,-0.4113,-0.8976,-0.8976,0.4113
24,-0.4056,0.5719,-0.3726,-0.4056
25,1.4073,-1.3515,-1.2939,-1.9195
26,1.0580,-0.4637,-1.0580,-1.5166
27,-0.4533,0.2161,0.2161,-0.4533
28,-0.9344,-0.9951,-0.7854,-0.7854
29,-0.3370,-0.9331,-0.9331,-0.3370
30,0.6330,-0.6700,0.6330,0.6700
31,-1.0782,-0.2897,-1.0782,-0.2897
32,-0.5040,0.5040,-0.2300,0.2300
33,-0.6759,-0.9938,0.9474,0.9474
34,-2.0076,-0.2718,-0.2718,-1.4226
35,1.2227,0.3050,0.4562,-0.3050
36,-0.6648,-0.3371,-0.4544,-0.4544
37,-0.4830,1.5282,1.0800,0.4830
38,-1.1509,-1.1755,-0.6146,-0.6146
39,-1.0369,-1.4037,-1.4037,-1.4037
40,0.4283,-0.1046,-0.2485,-0.1046
41,-1.2949,-1.2949,-1.2949,-1.2960
42,-1.4933,-1.4810,-1.2165,-1.2165
43,1.0672,1.0672,1.0672,-1.0672
44,-1.6843,1.0756,1.0756,1.1491
45,-1.5185,-1.0919,0.1661,-0.1661
46,-0.3810,-0.5781,0.2837,-0.2837
47,-1.2740,1.1327,1.2883,0.4804
48,-0.8400,0.8400,0.8400,-1.3890
49,-0.7474,-0.9361,0.8790,-0.7474
50,0.8062,0.8062,-1.2699,1.0907
51,-0.8550,-0.6613,0.8045,0.1853
52,1.2472,1.2472,1.2472,-1.2949
53,-0.8204,-1.2588,1.0782,-1.2933
54,-0.4010,-0.4010,0.4010,0.6666
55,-0.5563,1.1285,1.0788,-1.1041
56,-2.0315,-1.3769,1.5947,0.6575
57,-0.5335,0.3824,0.5335,-0.3824
58,0.6312,0.7711,3.0451,0.7711
59,6.6146,6.9747,6.6146,6.9747
60,1.1074,1.1074,1.1074,1.1074
61,3.5519,3.5519,3.5519,3.5519
62,-3.8203,-3.8203,-3.8203,-3.9656
63,4.6611,4.6611,4.6611,4.6611
64,-4.0032,-3.6623,-4.1485,-4.0005
65,3.7520,3.7520,3.7520,3.7520
66,-2.1817,-2.4832,-3.0371,-3.0631
67,4.3436,4.3436,4.3436,4.3436
68,-0.9920,-0.9920,-0.9920,-0.9920
69,4.1479,4.1479,4.1479,4.1479
70,-1.2455,-1.2455,-1.2455,-1.2455
71,3.3582,3.3582,3.3582,3.3582
72,-1.3955,-1.3955,-1.3955,-1.3955
73,4.0995,4.0995,4.0995,4.0995
74,-1.7909,-1.7909,-1.7909,-1.7909
75,4.0708,3.9226,4.1701,3.9226
76,-1.3621,-1.3621,-1.3621,-1.3621
77,3.5055,3.5055,3.7132,3.5145
78,-1.7843,-1.7843,-1.7843,-1.7843
79,3.4810,3.2931,3.6326,3.2931
80,-1.9735,-1.9735,-1.9735,-1.9735
81,3.0421,3.0421,3.2840,3.1426
82,-2.1308,-2.1308,-2.1308,-2.1308
83,2.9295,2.9295,2.9979,2.9680
84,-2.1798,-2.1798,-2.1798,-2.1798
85,2.7022,2.7022,2.7917,2.7917
86,-2.3813,-2.3813,-2.3813,-2.3813
87,2.5812,2.5812,2.6454,2.7509
88,-2.3988,-2.3988,-2.3988,-2.3988
89,2.4462,2.4462,2.4986,2.4795
90,-2.5978,-2.5978,-2.5978,-2.5978
91,2.2867,2.2867,2.3993,2.5832
92,-2.6855,-2.6855,-2.6855,-2.6855
93,2.2967,2.2967,2.3794,2.3201
94,-2.8217,-2.8217,-2.8217,-2.8217
95,2.1831,2.1831,2.2276,2.4397
96,-2.8054,-2.8054,-2.8054,-2.8054
97,2.1716,2.1716,2.2918,2.0148
98,-3.0008,-3.0008,-3.0008,-3.0008
99,2.0267,2.0267,2.1429,2.3981
100,-2.8985,-2.8985,-2.8985,-2.8985
101,2.0229,2.0229,2.0970,1.8971
102,-3.0096,-3.0096,-3.0096,-3.0096
103,1.8962,1.8962,1.9755,2.2327
104,-2.9706,-2.9706,-2.9706,-2.9706
105,1.9881,1.9881,2.0219,1.7171
106,-3.0550,-3.0550,-3.0550,-3.0550
107,1.7203,1.7203,1.8615,2.1985
108,-3.1394,-3.1394,-3.1394,-3.1394
109,1.9187,1.9187,2.1048,1.5971
110,-3.1687,-3.1687,-3.1687,-3.1687
111,1.6282,1.6282,1.7175,2.0686
112,-3.2829,-3.2829,-3.2829,-3.2829
113,1.8833,1.8833,2.0708,1.4854
114,-3.2927,-3.2927,-3.2927,-3.2927
115,1.6288,1.6288,1.6744,2.0639
116,-3.3983,-3.3983,-3.3983,-3.3983
117,1.8701,1.8701,1.9286,1.4370
118,-3.3690,-3.3690,-3.3690,-3.3690
119,1.6443,1.6443,1.6612,1.7375
120,-3.4846,-3.4846,-3.4846,-3.4846
121,1.8412,1.8818,1.8432,1.3893
122,-3.3916,-3.3916,-3.3916,-3.3916
123,1.5838,1.6421,1.5838,1.5838
124,-3.4973,-3.4973,-3.4973,-3.4973
125,1.7038,1.7935,1.7038,1.6145
126,-3.4422,-3.4422,-3.4422,-3.4422
127,1.4720,1.6392,1.4720,1.4720
128,-3.5882,-3.5882,-3.5882,-3.5882
129,1.5393,1.6778,1.5393,1.6412
130,-3.5132,-3.5132,-3.5132,-3.5132
131,1.4312,1.6850,1.4312,1.4312
132,-3.6387,-3.6825,-3.6825,-3.6825
133,1.4609,1.5928,1.4609,1.9649
134,-3.6050,-3.6050,-3.6050,-3.6050
135,1.3494,1.6601,1.3494,1.3494
136,-3.5890,-3.7124,-3.7124,-3.7124
137,1.2948,1.5443,1.2948,1.8680
138,-3.6378,-3.6378,-3.6378,-3.6378
139,1.3978,1.5739,1.3978,1.3978
140,-3.5978,-3.7389,-3.7389,-3.7389
141,1.1326,1.4570,1.1326,1.8958
142,-3.7008,-3.7008,-3.7008,-3.7008
143,1.3189,1.5846,1.3189,1.2775
144,-3.5721,-3.8280,-3.8280,-3.8280
145,1.2004,1.5262,1.2004,1.9025
146,-3.7132,-3.7132,-3.7132,-3.7132
147,1.1862,1.6608,1.1862,1.1092
148,-3.5847,-3.8188,-3.8188,-3.8188
149,1.2121,1.5270,1.2121,1.8959
150,-3.6930,-3.6930,-3.6930,-3.6930
151,1.0647,1.6442,1.0647,1.0647
152,-3.5660,-3.7277,-3.7277,-3.7271
153,1.1922,1.3736,1.1922,1.8466
154,-3.6531,-3.6531,-3.6531,-3.6531
155,1.1506,1.5412,1.1506,0.9698
156,-3.5708,-3.6860,-3.6860,-3.6860
157,1.2214,1.4255,1.2214,1.7079
158,-3.7002,-3.7002,-3.7002,-3.7002
159,1.3541,1.4573,1.3541,0.9452
160,-3.6108,-3.7048,-3.7048,-3.6873
161,1.2448,1.3798,1.2448,1.7049
162,-3.7545,-3.7545,-3.7545,-3.7545
163,1.5172,1.3655,1.5656,0.9388
164,-3.6783,-3.7328,-3.7328,-3.7328
165,1.2734,1.4013,1.2734,1.3472
166,-3.8068,-3.8068,-3.8068,-3.8068
167,1.4358,1.3033,1.7293,0.9473
168,-3.4396,-3.4396,-3.7709,-3.4396
169,1.2745,1.3889,1.3867,1.3867
170,-3.8491,-3.8491,-3.8491,-3.8491
171,1.3888,1.3179,1.5691,1.0001
172,-3.4758,-3.4758,-3.7464,-3.4758
173,1.0319,1.3935,1.0319,1.0319
174,-3.7812,-3.7812,-3.7812,-3.7812
175,1.3597,1.3182,1.3485,1.0708
176,-3.3021,-3.3021,-3.7219,-3.3021
177,0.9381,1.3534,0.9381,0.9381
178,-3.7974,-3.7974,-3.7974,-3.7974
179,5.6325,-4.1037,-6.3750,7.7236
180,-2.2768,2.2768,-4.9568,6.3377
181,3.7819,-3.9323,-5.1546,7.6921
182,0.5550,-0.5550,-1.8086,2.4429
183,-2.2120,-3.1752,-3.9217,5.0785
184,2.2442,-3.4392,2.2442,4.7791
185,1.5523,-1.3925,1.5523,-1.5523
186,4.5099,-4.7468,-6.0382,4.8191
187,1.2728,-1.4813,0.5695,-0.5695
188,2.7041,-2.6941,2.9637,-1.8957
189,4.6560,-5.1033,-4.2795,4.2795
190,-2.5834,-3.2246,-2.5834,-3.6082
191,-3.8567,-3.5046,-3.8567,3.5046
192,-4.6373,4.4722,-4.6373,-4.4722
193,-3.4263,3.6252,-4.5606,1.8539
194,2.2809,3.8220,2.2809,-2.3968
195,-1.9252,-1.9252,-1.9252,-2.1084
196,0.6791,0.7297,0.7297,0.7297
197,-1.7699,1.7699,1.9291,2.3107
198,-3.9631,3.7010,3.7547,-3.7547
199,-1.7437,1.7437,1.7437,2.7339
200,3.2231,4.2112,3.4186,-3.4757
201,-3.3702,3.3722,-3.8274,3.8274
202,-2.5647,5.3795,-2.5647,2.5647
203,-1.8565,3.3888,1.4407,1.8565
204,3.5322,4.3258,-2.9705,-3.5322
205,-3.1810,-3.1810,3.1810,3.1810
206,-0.2727,0.4807,-0.2727,1.2054
207,-0.5634,-0.5016,1.4024,1.5776
208,3.0994,-3.3888,3.3504,4.2075
209,3.4507,-3.7798,3.4223,4.3595
210,-2.7195,2.7195,-2.7195,4.1428
211,-2.2590,-2.6981,-2.2590,-2.2590
212,-2.7155,-2.7155,-3.1107,-3.1107
213,3.6386,-3.5546,3.5546,3.6386
214,2.2960,-3.7164,3.2117,3.8421
215,2.8637,2.4377,-2.4377,-2.4377
216,2.9482,2.8497,-2.8497,-2.8497
217,-2.1635,2.3015,-2.3015,2.4343
218,2.9921,-2.0273,2.0273,2.0273
219,4.1660,-4.1660,-3.2445,4.4107
220,2.8142,-3.1221,-2.9275,-2.9275
221,-3.2298,3.2298,-3.2298,-3.2298
222,-2.3207,2.3207,-3.3662,2.4279
223,2.2873,3.0477,2.2873,-2.2873
224,4.0493,-4.0493,-4.2912,4.1534
225,-3.8079,-3.7816,-3.8079,4.4216
226,-3.0666,-3.2862,-4.1083,-3.8346
227,-3.3838,-3.4362,3.3838,-3.3838
228,-2.1937,2.4457,2.4457,2.1937
229,-3.6154,-3.5929,4.2769,-4.4861
230,-3.4741,3.6702,-3.4213,3.1002
231,-2.3041,1.7210,2.5048,1.7210
232,0.8907,1.2979,1.2979,0.8907
233,2.5021,2.5021,2.7472,-3.0715
234,4.4781,5.0497,-4.3580,4.3580
235,2.6392,2.6740,3.3813,-2.6392
236,2.4281,2.6515,-2.6515,-3.7656
237,0.3286,2.0433,-0.2970,0.3286
238,3.3596,3.4528,3.3191,-3.3191
239,-2.7671,-2.7671,2.7671,2.7671
240,4.0253,4.0253,-4.1652,4.1652
241,3.1218,3.2949,3.1218,-3.2949
242,-2.4336,3.2372,-3.2372,3.2358
243,-1.5480,1.7491,1.8676,1.5480
244,-3.0327,-3.0327,3.5047,-3.5047
245,-2.8029,-2.6509,2.8029,2.6509
246,-3.4519,3.7467,3.4769,-3.4769
247,-3.4532,-3.4532,3.7961,-4.4865
248,2.6820,-2.6820,-2.6820,-2.9754
249,3.5170,-3.3091,-3.4172,3.4172
250,-3.2710,3.1537,-3.1537,-3.6775
251,3.7485,3.5715,-4.9598,3.7485
252,-3.7854,-3.6844,3.6844,-3.7854
253,-2.7439,-3.3622,-2.6822,-2.7439
254,2.6252,-2.4227,-3.1612,-2.4227
255,3.6312,3.6312,-5.4681,3.6866
256,3.4818,-3.4284,-3.4818,3.4818
257,-3.9161,-3.9161,-3.9361,4.1611
258,-2.8755,2.5791,2.6982,2.5791
259,2.7004,-3.5220,2.7330,-2.7330
260,-2.2362,2.2362,2.3601,2.2362
261,-2.8388,-4.0186,-2.8388,-4.0186
262,2.7752,-2.7752,-2.7752,-2.7752
263,-2.8743,-3.0212,2.8743,-3.4870
264,-3.5626,-3.7231,-3.4583,-3.9879
265,2.5779,2.5940,2.5779,-2.5940
266,2.7554,-3.1229,2.7554,3.1229
267,3.6561,3.6561,-3.6561,3.6561
268,4.2549,-4.2549,-4.2549,4.6442
269,-3.5262,3.5262,3.5262,-3.5262
270,-2.8757,2.8757,-2.8757,2.9964
271,-2.4798,-2.5272,2.4798,2.5272
272,-3.0456,-3.3701,3.0456,-3.0456
273,2.1708,2.3565,2.2053,-2.4855
274,3.4681,-3.4983,-4.1126,4.1931
275,3.0159,3.5107,-3.0159,-3.5282
276,-2.4320,4.3062,-3.0049,-4.3865
277,-3.0321,-2.9100,2.9100,2.9100
278,-2.6408,-2.6408,2.6408,2.6408
279,-4.0391,4.0391,-3.9069,3.5641
280,-3.0797,2.1411,-2.1411,4.2642
281,-2.8746,-2.8677,3.2273,-2.9028
282,-3.5207,-3.3124,-2.9464,-3.1240
283,-3.1609,-3.1609,4.0597,-3.6026
284,2.6747,-2.6747,-2.7503,-2.6747
285,2.9482,-3.6127,2.6572,2.6572
286,3.3678,3.4668,-3.2447,-3.4668
287,-3.5356,-3.2721,-3.3986,3.3986
288,2.9317,3.1699,2.9038,-3.2013
289,2.5336,2.4764,2.5336,-2.4764
290,2.9885,3.1557,-2.2707,-4.4946
291,2.5058,3.0203,2.7544,2.7544
292,3.0452,3.5172,-2.8536,-4.9837
293,3.3177,-1.8755,1.8755,-3.8088
294,2.7558,-3.0501,3.1552,-3.6195
295,2.7560,1.2561,2.5161,1.2561
296,3.2763,-2.7049,-2.7012,-3.6832
297,-2.4090,2.4090,-3.6220,-5.0949
298,1.9860,-1.9860,1.9860,-3.8719
299,3.0535,-3.1333,3.1540,-4.1798
300,-2.8233,-3.6914,-2.8233,-5.2609
301,-3.8579,-4.3966,-3.8579,3.8579
302,-3.0442,3.9400,-4.4141,4.1437
303,-2.6872,2.6872,3.2529,-3.4173
304,-3.8939,-3.7556,-3.9597,-3.5264
305,1.6795,-4.0075,-3.2606,-3.9108
306,-2.1444,2.1444,2.1444,-3.8026
307,3.3696,-3.3696,-3.3696,3.3696
308,-2.9303,3.3366,3.4521,2.9442
309,2.6011,3.0018,-2.6011,-3.0018
310,-3.7835,4.2731,-3.7835,-4.2619
311,2.1460,2.7561,2.1460,-2.7561
312,3.0405,3.0405,3.0405,-3.0405
313,-2.2965,2.6551,2.6551,-3.6304
314,-3.3800,4.7186,-3.3800,3.3800
315,-3.1987,3.8282,-2.9594,2.9594
316,-2.5311,-2.5311,2.4253,-2.4253
317,-3.6684,-2.6001,2.6001,-2.6001
318,-3.9655,-3.6918,-3.4011,-4.7709
319,-4.2611,3.1379,-3.9145,-3.3165
320,1.7261,2.9100,2.6952,-3.6206
321,-3.5300,2.9715,-2.9715,-3.5131
322,1.7533,-1.7533,1.7533,-3.3832
323,2.7122,3.2224,3.4582,3.2224
324,2.5812,2.6742,3.2156,2.6742
325,4.2309,5.4003,-3.3828,4.8682
326,3.0910,-3.7396,3.0910,3.8304
327,4.3815,3.7857,-4.3366,4.3815
328,3.3113,-3.1523,-2.9912,3.9307
329,2.3613,2.3467,3.5630,2.3467
330,3.8653,3.4684,-3.5437,-3.2102
331,-3.0222,3.3212,3.0222,3.0222
332,2.7820,-2.7820,2.9193,4.2743
333,4.1070,4.2915,-4.1070,4.1182
334,-2.9415,-3.1493,-3.0148,5.2431
335,2.7823,3.5835,2.6177,-2.6177
336,-3.2021,-3.5088,-3.5088,-3.5088
337,-2.9588,-2.9588,-3.4667,5.0040
338,-2.4809,4.0428,-3.5297,-3.1212
339,-3.3672,-3.3672,-3.8509,3.8112
340,4.1749,4.1749,-5.2522,5.6531
341,3.4341,3.9549,-4.1707,4.3926
342,-2.6071,1.4836,1.4836,-1.4836
343,-1.9426,3.2466,-2.9828,2.9828
344,2.4569,2.7853,2.0226,-2.0226
345,2.2312,2.2312,2.2312,3.1183
346,2.1516,2.7453,2.9583,3.0585
347,-3.7964,4.1653,-4.4320,4.4751
348,-3.0012,2.8996,2.8256,3.0246
349,-3.6517,3.3145,-3.6517,-3.3969
350,-3.7240,-2.4946,2.5794,2.5794
351,4.0516,-4.0516,-4.0637,4.0516
352,2.2386,2.2386,3.0682,-2.2386
353,-3.8419,-3.8419,-4.1699,4.5593
354,-3.1045,-3.5156,-3.1685,-3.1045
355,-3.1421,3.7277,-3.1421,-3.4751
356,-2.8006,-3.5477,-2.8006,3.5477
357,3.4354,3.6247,-4.8853,5.0036
358,-2.6167,2.8555,2.0403,2.0403
359,2.9477,-3.2906,2.9477,3.3612
360,-3.6109,-3.4525,3.6894,-3.4525
361,3.0200,3.0200,-4.3378,-3.0200
362,3.5868,-3.0063,3.0063,-3.6547
363,-2.6656,2.6656,3.6064,-4.3738
364,-2.8730,2.8730,-2.8730,2.8730
365,3.7099,3.8637,-3.9927,4.0073
366,-4.4698,-3.0008,3.8918,3.0008
367,3.6157,-4.3687,-3.6157,-3.6157
368,3.9590,-3.9590,-3.9590,-4.2553
369,-3.0117,2.8066,3.0117,-3.1888
370,-2.7492,-3.2574,3.6979,3.2574
371,-4.0099,-3.6645,3.9893,-3.9893
372,-3.9224,-4.1486,4.1769,4.1769
373,2.9272,-3.1232,-2.9272,-2.9272
374,3.0372,4.4425,-4.6692,-4.8439
375,-2.1654,1.7252,2.1654,2.1654
376,2.1063,2.8989,2.1063,-3.0390
377,-3.6925,3.6071,-3.4534,3.7030
378,2.3212,-2.3212,2.3212,-2.3212
379,-3.3138,3.2742,3.2943,3.3138
380,2.8706,-3.2148,2.8706,2.6814
381,-3.6995,3.8959,-3.8959,3.8959
382,-3.7560,-3.4922,3.4922,3.5981
383,3.4111,3.4310,-4.4447,5.1432
384,2.6217,-2.6217,2.6217,-2.6217
385,3.5236,-3.5236,3.5484,4.0686
386,3.2863,-2.9329,-3.7998,4.0162
387,-2.5934,2.5934,-3.3037,-2.5934
388,3.2944,-3.2944,-3.7731,4.2063
389,-2.7745,-3.6819,4.0884,-2.7745
390,3.1163,-3.1163,3.6077,-3.1163
391,3.3913,-3.6632,-3.2513,-3.2513
392,-3.6918,-4.1537,-3.5376,-4.1537
393,-3.8299,4.0001,-4.1027,4.0001
394,-3.7762,3.8599,-3.8599,3.8599
395,3.2587,-3.2590,-3.2699,-4.0295
396,-3.0698,-3.2348,3.0698,-3.2348
397,-3.1423,-4.1010,-3.1423,3.2444
398,3.0083,-2.8458,2.8458,-2.8458
399,-3.4682,3.4682,-3.4682,3.4682
400,2.6760,2.6760,2.8258,2.6760
401,-4.6599,-4.1032,-3.9021,3.9021
402,-3.3751,-3.5336,3.2342,3.4257
403,3.1620,-3.1997,3.1620,3.6122
404,2.6161,-3.6517,-3.8609,3.8609
405,5.2040,-4.3101,-5.8632,5.4128
406,-4.0349,3.5086,-3.8058,4.0349
407,2.4549,-2.4549,2.4549,3.3274
408,-2.2736,2.2736,-2.9687,-2.2736
409,-3.1346,-3.1037,3.1346,-3.1346
410,3.2765,-3.6461,-3.5493,-3.5493
411,3.4209,2.9388,-2.9388,-2.9388
412,3.1899,-2.3411,2.3411,-3.2668
413,-3.0070,3.0070,-3.3705,-4.2584
414,-2.8723,-2.8723,-3.7049,2.8723
415,-3.1960,3.1960,-3.3792,-5.6415
416,-2.4365,-3.0690,-2.8655,3.0690
417,-3.6648,2.8550,-3.6848,-2.8550
418,3.3142,3.5183,3.3142,3.3142
419,-3.2558,3.4886,4.2051,-3.2558
420,3.2990,-3.2990,-3.2990,3.2990
421,-2.8932,4.2948,-3.7469,-4.2316
422,-2.8740,3.3568,-3.3182,-3.3568
423,3.0618,3.3259,-3.7971,3.0618
424,2.9998,-3.0333,3.0333,2.9998
425,3.2775,-3.4830,-4.2387,-4.0467
426,3.3394,2.4783,2.4783,2.4783
427,-4.2536,-4.8949,-4.9138,-4.6346
428,-3.8778,-4.2482,-3.8778,-3.8778
429,2.0739,-2.0958,2.7276,-2.0958
430,-3.7205,-3.7205,-3.7205,-3.7205
431,2.5446,2.5768,2.5446,-4.1360
432,1.2015,1.2015,1.2015,-2.6008
433,1.7608,-1.4414,1.7608,1.4414
434,-4.4566,-3.9650,3.4028,-4.9626
435,2.8838,2.8838,2.8838,2.8838
436,-3.9672,3.3456,3.3909,3.3909
437,4.2339,3.1436,4.2805,3.7536
438,3.1912,-2.1827,3.8622,-2.9435
439,2.9827,-2.4786,2.9827,3.0304
440,2.6155,-2.6155,2.8029,-2.6644
441,-2.7985,-2.7985,-2.7985,3.4068
442,3.1922,3.1922,-3.1922,-4.0033
443,2.2129,-2.2129,2.2583,1.9188
444,-2.9077,3.0893,4.0268,3.5786
445,2.9145,-2.9145,-2.9145,-2.9145
446,3.5652,1.9890,1.9890,1.9890
447,3.2584,-3.1633,-2.9981,4.0537
448,4.0630,4.2802,-5.4314,4.3170
449,2.7668,3.0430,2.8885,-2.2752
450,2.1273,-2.5447,2.6316,-2.5928
451,2.4039,2.7048,2.1164,-2.1164
452,-2.7951,2.7951,-2.7951,-3.3035
453,-2.8126,3.1829,3.1495,3.1653
454,-3.0413,-3.0413,3.1770,-3.0413
455,2.5280,2.5280,2.5088,-4.2298
456,-3.4983,-3.4983,3.9565,3.4983
457,3.7628,3.7628,-3.7628,3.9860
458,3.6451,3.3145,-4.0315,4.5299
459,3.0984,-2.8653,2.8653,4.5473
460,3.9180,3.6056,-3.7447,-3.6856
461,3.6275,-3.0520,-3.6702,3.0520
462,3.6186,-2.8669,-4.3426,4.2376
463,-2.5353,-2.5371,-3.3904,3.0394
464,3.6714,2.8779,-4.2106,-2.8779
465,-2.8500,2.8500,2.8500,-2.8500
466,-2.4769,-2.9843,2.8295,3.6936
467,2.3793,2.7236,2.7236,2.4124
468,-4.2027,-2.6113,4.2027,-2.0205
469,3.7631,3.7631,-3.7631,3.7631
470,-2.6763,-2.6763,3.3926,2.6763
471,3.8773,3.8773,-3.8773,3.8773
472,1.9518,-2.3038,2.3038,-1.9518
473,2.8248,-2.0485,-3.1779,4.3624
474,3.0961,2.4039,2.4844,-2.4844
475,3.2390,3.2390,-2.9915,2.9915
476,-3.8848,4.0703,-3.8848,3.8848
477,3.2322,3.2322,-3.2322,-3.2322
478,2.1775,-2.0389,2.0389,-2.5503
479,-3.4409,3.4409,-3.8629,4.4452
480,-3.0538,-3.0451,-3.2531,3.5252
481,-3.9333,-3.5259,-3.5259,-4.7034
482,3.2160,-3.2160,3.5519,3.4584
483,-3.5182,3.6500,3.2737,-3.2737
484,3.3277,-3.3277,-3.3277,-4.9037
485,-2.0914,-2.8559,-2.7932,2.0914
486,2.6315,2.6034,2.6315,2.6034
487,2.6252,-3.5193,2.6252,-2.8347
488,-4.4276,4.3964,-4.4276,5.1950
489,-2.4170,2.9085,2.6604,2.9085
490,1.9890,-1.9890,1.9890,4.0909
491,-2.3966,-4.3079,-2.3966,4.2114
492,2.6524,-2.6524,2.7900,3.1448
493,2.9066,3.1934,2.9066,-3.1934
494,3.0374,3.0374,3.0374,-3.0374
495,2.5972,-1.9291,3.2317,-2.8777
496,2.6780,-1.9507,3.5951,-1.9507
497,2.9156,2.7735,-3.0177,-3.9609
498,3.5582,3.2968,-3.2968,3.0869
499,2.9845,-3.3891,3.6921,-3.4023
500,-3.3597,-3.3597,-3.2385,3.3854
501,-3.0983,3.0983,-3.0983,-3.6576
502,-3.2291,3.2291,2.1048,-3.9718
503,-4.3454,4.3454,-2.9738,2.9738
504,-3.0497,-3.0417,3.4965,-3.4965
505,-3.3818,-3.4390,-3.4390,-3.5940
506,2.8257,-2.9308,2.8257,-2.8257
507,-3.5184,-4.5362,-4.1114,-5.3115
508,1.4779,-1.6155,2.4374,-1.6155
509,-3.3869,2.9832,2.9832,2.9832
510,2.8079,-2.7534,2.7534,3.1754
511,-2.4914,3.8275,-3.3873,-4.9413
512,2.0633,-2.0633,2.1207,-2.8004
513,-3.1417,-3.4136,2.7002,-4.2808
514,-2.7253,3.2625,3.5752,-3.2625
515,3.4414,4.2872,-3.4414,3.4414
516,3.0036,3.6166,-3.3232,3.3232
517,-2.7673,3.7068,-3.7068,-4.2473
518,1.6590,-1.6590,2.1831,-1.6590
519,1.6821,-1.2022,1.2022,-1.2022
520,-2.8518,-2.2096,2.2096,2.2096
521,-3.0445,3.8518,-3.6262,-3.0445
522,2.6891,-3.3086,3.1700,3.3086
523,2.7568,2.8907,4.5968,2.8907
524,-3.8850,4.0578,-4.0578,4.0578
525,-2.9318,3.8403,-3.6026,-3.8947
526,1.7547,2.6059,1.7547,-2.8697
527,-2.6587,-2.6587,3.8487,3.4048
528,3.0911,3.0787,3.1252,3.0787
529,3.2001,3.2001,3.4833,-3.2001
530,-3.3857,3.3857,-3.3857,3.2343
531,-2.6651,-2.2083,2.2083,3.8212
532,-3.6039,-3.6938,-3.6938,-3.6938
533,2.9048,-3.3157,2.9048,3.8686
534,-3.6851,4.5457,-4.5457,4.6585
535,2.8422,-2.8933,2.8422,4.3441
536,2.8282,3.3001,-3.6185,-3.4341
537,-2.6873,3.0041,2.6873,2.6873
538,3.4357,3.4357,-3.5578,-3.5578
539,2.4187,2.7821,1.4533,-2.7821
540,2.7431,3.1749,2.6315,2.1958
541,-3.2858,3.9666,-3.9666,3.8174
542,-4.4735,4.4215,4.0639,4.4215
543,-3.7434,-3.4639,3.6354,-3.6354
544,-3.4593,-3.3598,3.8790,3.5480
545,3.3639,-3.3639,-3.3639,5.2674
546,-3.3458,3.3458,3.3458,3.5024
547,-3.2454,-4.4082,-3.2454,4.0644
548,3.5417,3.0791,3.0791,-3.0791
549,2.7776,2.9513,2.9054,-3.0693
550,2.9904,2.9904,-2.9849,2.9849
551,2.6802,3.2018,2.6802,-2.7022
552,-2.5807,3.2855,-2.4007,-2.4007
553,3.5316,-4.4712,-3.5316,3.7091
554,-3.9208,-2.5743,3.8622,4.6693
555,-2.4473,-3.3245,2.8928,3.3245
556,3.0873,3.0873,-3.0873,-2.8987
557,2.5219,2.5219,-2.5219,-2.5219
558,2.1316,-1.3872,1.3872,1.3872
559,-2.9863,-2.9863,-3.7382,2.9863
560,-3.4616,3.9255,-4.5708,3.4616
561,-3.3082,-3.5545,-3.4694,3.5545
562,-3.2662,-5.0534,-5.0534,-3.4905
563,2.9061,2.9061,2.9061,2.9635
564,3.2886,-2.3842,2.5290,3.5469
565,-3.5797,3.3972,3.3972,4.2868
566,2.7906,2.7921,-3.5667,-3.5667
567,2.1716,2.2260,2.1716,-2.2260
568,2.6244,-3.8991,-3.8991,-3.8991
569,-1.7731,-2.9374,1.7731,-2.9758
570,-4.7052,-4.7052,-4.1733,-5.0765
571,4.0285,-4.0051,-4.0051,-4.7633
572,3.3102,-4.2190,-5.0896,-5.0896
573,-3.0076,3.0076,-3.2595,3.0076
574,2.4306,-2.4306,2.5636,2.5636
575,-3.2609,3.2609,-3.2609,-3.2609
576,-3.7784,-4.7846,-4.1531,-4.8439
577,3.1270,3.4627,3.5466,3.4627
578,3.3067,3.9142,-4.4332,4.6355
579,-3.3584,-3.3584,3.3584,-3.3584
580,2.1742,-4.2976,2.6738,2.1742
581,3.6998,3.6998,-3.6998,3.6998
582,2.9107,-4.1435,-3.4163,-3.4163
583,2.8767,3.0673,-3.3591,3.0673
584,3.1301,3.0015,3.4317,3.0601
585,-3.1514,3.1172,3.1514,3.1172
586,-3.2458,3.7422,-3.7422,3.7422
587,-4.2530,4.3658,-4.2530,5.0427
588,-3.5762,3.5762,4.0029,-3.1710
589,-2.5903,-2.5903,2.5903,-2.5903
590,-2.8743,2.4625,-2.4165,-4.3236
591,-4.0500,-3.4143,-4.1629,-3.6689
592,3.6555,-3.4661,-4.7780,5.4275
593,-2.8755,2.9550,2.8755,3.2415
594,3.0605,-3.0071,3.7682,-3.0071
595,3.1775,3.7442,3.1904,-3.9499
596,2.1897,-2.1897,3.1904,2.1695
597,-2.2879,-2.5757,2.4587,-2.2879
598,-2.9519,-3.1415,2.9519,2.8641
599,-3.2784,-2.8499,-2.8499,3.3640
600,2.6753,2.9677,-2.9677,-2.9677
601,-2.7716,-2.7716,2.7716,2.7716
602,2.5085,-2.7020,3.6853,-2.7020
603,-2.7330,2.6817,-2.6817,-2.6817
604,-2.8556,2.7245,3.4155,2.7097
605,-3.0620,-3.3974,-2.9876,3.5566
606,2.4064,3.0844,-2.7783,-2.7783
607,-2.2797,3.4866,2.2797,-3.5404
608,2.9016,-3.0001,2.9883,-2.9016
609,-3.3565,3.8859,-3.3858,3.3858
610,-3.8529,3.8245,-3.8245,4.0196
611,-2.8657,-3.6941,-3.5174,4.8464
612,2.2274,-2.2274,2.2274,-2.2274
613,-4.0483,3.7308,-3.6032,4.5767
614,2.7020,2.2312,2.7020,2.2312
615,3.3730,-2.5249,4.2861,-2.5249
616,3.4119,-3.5945,3.6109,-3.5945
617,-1.1396,1.1396,2.1814,1.1396
618,-3.3045,-3.9378,-3.3045,3.3045
619,2.0933,3.5505,3.5505,3.2656
620,3.0240,2.8530,3.0240,2.8530
621,-2.6414,-2.6972,2.9504,-2.6972
622,4.1888,-4.1888,-4.1888,4.1888
623,2.3432,-2.5406,-3.8217,-3.8217
624,-2.5052,2.5052,-3.1861,2.5052
625,2.2585,-2.2585,2.2585,-2.2585
626,-2.7064,-3.0165,2.2580,2.7064
627,3.2032,3.5101,3.3711,-3.5101
628,-3.8289,2.6163,4.0773,-3.1568
629,-3.4499,-3.4575,-3.4575,-3.8481
630,2.6474,-2.6474,3.0556,-3.0556
631,3.3016,3.2707,-3.5303,-3.5308
632,-2.5137,2.5315,-2.5315,-3.8966
633,3.9906,3.9906,3.9599,-3.9130
634,-1.7326,3.6702,2.9507,-2.6428
635,-3.5481,3.9016,-3.6783,3.6783
636,-2.4937,3.3791,-2.4937,-3.0184
637,3.6943,-3.6943,-3.6943,3.6943
638,-4.6428,3.1353,3.1353,-4.0814
639,1.9097,-1.9097,2.8694,1.9097
640,3.4184,-3.2545,-3.6146,3.6146
641,2.9267,2.9267,2.9267,-3.7673
642,-2.9875,-3.3712,-3.3712,3.3712
643,2.3613,-3.2556,3.2235,3.2235
644,-2.7671,3.0248,-2.7671,-3.0248
645,3.7734,-3.7350,-3.8799,3.7734
646,3.4807,-3.3753,-4.0125,4.5732
647,2.8641,1.9727,2.8641,-1.9727
648,-2.2946,2.6048,2.6048,-2.6231
649,-2.8636,2.8636,-2.6485,2.6485
650,2.4246,-2.4246,-3.3847,-2.4246
651,2.8906,-2.8906,2.5823,-3.1203
652,2.6059,-2.6059,-3.8843,-2.6059
653,3.7853,-5.1157,-3.0327,-4.2179
654,-2.4523,2.4523,2.4523,2.4523
655,4.0427,3.6345,-4.5105,5.1834
656,2.0316,-2.0316,2.5926,3.0251
657,2.6677,2.7204,2.6677,-2.7204
658,-2.8360,3.2998,2.9153,2.8640
659,-2.9642,2.9642,-3.0105,-3.4217
660,-2.6021,-2.3675,-2.3675,3.3513
661,-4.1543,-4.2350,-5.1520,-4.2350
662,-2.5010,-2.5542,2.5010,2.5010
663,2.9908,-3.4793,3.2076,-3.2076
664,-2.8333,2.8333,-2.8633,-2.8633
665,3.6665,3.6665,-4.4693,3.6665
666,-4.1598,-4.1598,-3.7404,-3.7404
667,3.6891,3.8469,3.6891,3.6891
668,2.5243,-2.4454,2.4454,3.2052
669,-4.0611,-4.0611,-4.0007,-4.0007
670,3.3475,-3.6290,-2.8964,-2.8964
671,-2.9221,-3.4068,-3.3881,2.9221
672,-2.9994,2.9994,-2.9994,-2.9994
673,-3.7584,-3.6571,-4.1771,3.6571
674,-2.6388,2.0152,2.0152,2.0152
675,3.6065,-3.6065,-4.3684,3.6065
676,2.8090,3.1729,3.1729,-2.8090
677,-2.3901,2.2819,2.2819,-2.3901
678,2.8096,3.4113,3.2745,-3.4113
679,2.9229,-3.7849,2.7598,-2.7598
680,-3.2742,3.2742,-4.2712,3.8260
681,-3.0878,-3.7170,3.4539,-3.4539
682,-3.6955,-3.9144,-3.9144,-4.4860
683,-3.3465,3.2543,-3.2543,-3.2543
684,3.2131,-3.2162,3.2162,3.2131
685,3.6058,4.7474,-3.6058,4.7474
686,-2.6454,2.6454,2.8401,2.6454
687,-2.8934,2.8956,-3.5301,2.8956
688,3.1830,-3.1830,-3.1830,3.9498
689,-3.1427,-3.1427,-3.1427,3.1427
690,2.6349,-2.6921,-4.0491,-2.6921
691,2.7363,2.8383,2.7363,-3.1715
692,-3.4762,-3.6608,-3.6608,3.6608
693,3.0110,3.7045,-4.2865,4.8230
694,-3.2477,-3.2477,3.2477,-3.2477
695,-3.4177,-3.4177,2.8787,3.3014
696,2.6254,-3.2319,-3.3347,-3.2319
697,3.2795,2.8094,2.8094,-3.3917
698,-3.2540,-3.2540,3.5450,-3.5450
699,3.4303,3.2458,4.3271,3.2458
700,3.6876,3.7289,3.7920,3.7289
701,3.3933,3.5647,3.1510,-3.6399
702,1.8972,1.8972,2.4648,-2.6350
703,3.5147,4.7772,-3.5973,3.5973
704,-2.8335,3.0586,-2.8335,-2.9702
705,-3.2482,-4.8150,-3.3333,-4.8150
706,-2.6631,-2.6631,2.7889,-2.6631
707,2.5539,3.2339,2.5539,-2.3927
708,3.2998,3.3921,3.4810,2.8928
709,-2.7611,-2.7611,3.4200,2.7707
710,-3.1196,-3.5648,-3.3175,3.9056
711,-2.3446,1.9327,1.9327,-1.9327
712,2.8249,3.6647,2.8249,-3.6647
713,-2.2242,2.8800,2.8800,-2.9781
714,-2.7326,-3.1176,-3.0125,3.1176
715,-3.6103,-3.4672,-3.4672,3.4672
716,-2.4803,2.6381,3.4139,2.6381
717,-3.3684,-3.8415,-3.1342,3.1342
718,1.7468,1.7468,1.7468,3.7441
719,-3.8009,-3.3076,3.7223,3.3076
720,-3.9811,-4.6747,-4.6747,-3.6542
721,-3.8495,3.8495,-3.9424,4.0956
722,-2.6330,2.6999,2.3349,-2.3349
723,-3.4748,-3.1788,2.4965,-2.4665
724,-2.6246,3.1474,3.9004,2.7290
725,-2.9071,-2.7446,2.5377,3.8105
726,-2.9338,-3.6664,3.4424,-3.6664
727,3.3262,-3.5165,4.2039,-3.3262
728,-3.7671,2.8932,-2.8932,-2.8932
729,2.2330,-2.2330,2.2733,2.6879
730,-4.1034,4.1466,-4.2018,4.2018
731,2.5892,3.9152,-4.6404,-3.0782
732,2.8859,2.8859,2.6035,2.6035
733,-3.2651,-3.6703,-3.2651,-3.2651
734,3.5086,3.7873,-4.0748,3.4793
735,2.7892,-2.8986,2.8986,-2.8986
736,3.3352,-2.7657,2.7657,2.7657
737,3.5724,-4.6043,-3.0770,3.1563
738,-3.0741,-3.2974,-3.0741,3.1827
739,2.3353,-2.5826,2.3353,3.1538
740,-2.0288,-2.7587,-2.0288,4.1460
741,-2.9171,3.2036,-3.6747,-3.2036
742,-2.7683,2.7683,-2.7683,-2.7683
743,2.8273,-2.8273,2.8273,-2.4495
744,-2.5968,2.5968,2.1089,-2.7630
745,3.4677,-3.4677,-2.9456,2.9456
746,-3.7072,-3.4903,-3.4903,-3.7072
747,-3.0956,3.0956,-3.1735,-3.0956
748,-2.6920,2.5176,2.5176,-2.5176
749,3.3258,3.2484,-3.3258,-4.1080
750,2.3999,-2.3999,-3.1671,-4.4600
751,2.5557,-2.4506,1.5171,1.5171
752,4.4818,4.5901,-4.4818,3.4469
753,-2.7802,-2.7802,-3.2591,2.9769
754,3.7607,3.8087,-3.8395,4.1057
755,-3.1805,-3.3520,3.3520,-3.1805
756,-2.4186,2.9465,3.2325,-3.9200
757,2.6770,-2.6770,-2.6573,-3.6600
758,-2.3584,2.4084,2.4084,2.4084
759,4.2521,4.0638,-4.2521,4.0638
760,2.2359,-2.0592,-3.7728,-2.0592
761,-2.4485,2.4485,-2.9015,-2.9015
762,-3.1740,-3.1740,-4.1042,-3.7111
763,3.0434,-3.0434,3.4171,-3.0434
764,-3.1155,-3.1425,-3.4917,-3.1425
765,2.7057,-3.3886,3.5493,2.9764
766,4.2725,4.3228,-4.2725,-4.2725
767,3.1508,3.1508,3.1508,3.1508
768,-3.4656,-3.4656,4.0124,4.0124
769,-2.2790,2.6791,2.2790,2.2790
770,-3.7765,3.0271,-3.7523,3.0271
771,-3.1355,-2.7805,2.7805,-2.7805
772,-3.5489,3.3221,-3.3221,3.6000
773,-3.2276,3.4561,-3.4561,3.5453
774,-4.3604,5.4800,-4.3604,4.6433
775,-3.7024,3.7683,-3.7683,4.5013
776,-4.2023,4.0259,-4.8888,4.0259
777,-4.6392,3.8036,-3.8036,4.0053
778,-2.3134,1.7695,-1.7695,1.7695
779,-1.4021,1.4021,-1.2649,1.8910
780,-3.2685,3.5691,-3.2685,3.5691
781,-2.1869,2.0520,-2.1869,2.0520
782,-1.9680,1.4664,-0.5813,1.4664
783,-2.0309,1.9503,-1.9503,1.9503
784,-1.5544,2.2727,-1.5544,2.8122
785,-3.2929,2.6340,-2.6340,2.6340
786,-2.4960,2.5605,-2.5605,2.7187
787,-3.2150,2.5895,-2.5895,3.1311
788,-3.5956,1.6766,-1.6766,2.2190
789,-2.3674,2.1817,-2.1817,2.3628
790,-2.2638,2.3300,-2.3300,2.2638
791,-2.5211,2.3154,-2.3154,2.6151
792,-3.8892,3.8892,-3.1050,4.2061
793,-3.5272,2.8979,-1.7770,2.8979
794,-1.5937,1.4911,-1.4911,1.4911
795,-2.4757,2.0946,-2.0946,2.0946
796,-2.4842,2.4842,-1.9899,2.7407
797,-1.9116,3.2163,-2.9581,1.9116
798,-1.5635,2.0057,-1.5635,2.3422
799,-2.5267,2.2814,-2.2814,2.2814
800,-2.9617,3.2384,-2.8616,3.1409
801,-2.6765,2.6765,-2.6765,2.6873
802,-3.8880,3.4467,-3.1505,3.4467
803,-3.0984,2.9875,-3.0470,2.9875
804,-3.2802,3.7024,-3.7024,3.2802
805,-1.9595,1.9595,-1.9595,2.5417
806,-0.7749,0.7544,-0.6471,0.7544
807,-0.2381,-0.2381,-0.2381,-0.2381
808,-0.8505,0.8505,0.9011,1.1422
809,-1.6279,-1.3324,0.9929,-1.3324
810,-1.8069,1.9350,-1.8069,1.8192
811,-1.2350,1.2350,-1.2350,1.2350
812,-0.5247,-0.2876,0.2876,-0.2876
813,-1.7614,1.1564,-1.1816,1.1564
814,0.7484,0.7484,-0.7484,-0.9964
815,-0.9765,-0.9765,0.9765,-1.5551
816,-0.7504,1.1998,-1.1060,0.7504
817,-1.2478,1.8309,0.3979,1.2478
818,-0.7245,0.5307,-0.5307,0.5307
819,-2.1872,2.0095,-1.7446,2.1872
820,-1.2316,2.2505,-0.9703,2.2505
821,-1.3412,-0.8986,-0.6733,-1.1615
822,-0.5216,-0.5216,0.5015,-0.5566
823,-0.6927,-0.6927,0.6927,-0.8532
824,-1.3596,1.5356,-1.3596,1.6491
825,-1.5733,2.2082,-1.5733,1.6654
826,-1.2679,1.7464,-1.1430,1.8615
827,-0.5471,0.6794,-0.6794,0.5471
828,-1.3274,1.5074,-1.4054,1.4054
829,-0.5978,0.5978,-1.0175,0.5978
830,0.5882,-0.5882,-0.7249,-0.5882
831,-0.7391,0.6311,-0.6311,-0.4822
832,-0.9468,0.8699,-0.8133,0.8133
833,-2.0517,1.1409,-1.6991,1.1409
834,-0.8529,0.5680,-0.5680,0.5680
835,-1.0877,0.9814,-1.0877,0.9814
836,0.7066,1.2598,-1.7945,-0.7066
837,-0.6755,0.6510,-1.1210,0.6510
838,-1.6213,-0.8052,-2.3909,-0.8052
839,0.2907,0.2907,-0.7197,-0.7197
840,0.3620,0.3889,0.3889,-0.7419
841,0.2402,0.2402,0.2402,0.2402
842,-1.1151,-0.7856,-0.7856,-1.1111
843,0.4373,0.4373,-1.2478,-1.2478
844,-1.0614,1.4789,1.0614,-1.0937
845,-0.2088,-0.2437,-0.9397,-0.9397
846,-1.3095,-1.7401,-2.0781,-2.0781
847,2.3624,2.2349,-1.0610,-2.3165
848,1.2366,0.5791,-1.2366,-1.5229
849,0.4105,0.4105,0.4105,-2.7070
850,-1.2973,-2.0024,-2.6893,-2.7001
851,-0.6934,0.8283,0.8109,-1.8027
852,1.1979,-1.5844,-1.1979,-1.8006
853,-1.6005,-1.4597,-1.4597,-2.4475
854,-0.8457,-0.9081,0.8457,-2.1437
855,-0.2356,0.2356,-1.1085,-1.1677
856,-1.4772,-1.4772,-1.4772,-2.5357
857,-1.7578,-1.4095,-1.7578,-3.8469
858,0.5866,-0.2629,-0.5866,-2.0008
859,-1.7046,-1.4526,-1.4526,-2.4526
860,-0.6410,-0.6410,-0.6410,-1.2036
861,-1.1597,-1.1470,1.1470,-1.2882
862,-1.9237,1.4693,-0.4209,-1.9237
863,-0.3543,0.6834,0.3543,-2.0094
864,-0.6502,-1.5132,0.6244,-1.0865
865,0.8802,-0.9720,-1.3660,-2.7233
866,-0.9593,2.0033,-0.9593,-1.5973
867,0.7127,0.7127,-0.8296,-1.5567
868,0.3794,0.3794,-0.5798,-0.5798
869,-0.7190,-0.7190,-0.7190,-1.0486
870,-0.6444,-1.3814,-0.7073,-0.7073
871,0.6651,-0.3780,-0.6651,-1.4658
872,-0.4500,-1.6268,0.4500,-1.6268
873,-0.9326,-1.2175,-1.0656,-2.3550
874,-2.1452,-1.9657,-1.6432,-2.7841
875,0.5457,-0.7037,-0.5457,-2.4763
876,1.0478,2.3648,-1.4699,-2.6897
877,0.3186,0.2862,-0.2862,-1.4005
878,-1.0684,-1.0684,-1.0814,-1.9820
879,-0.8137,-1.4498,-1.7888,-2.9802
880,0.6510,0.4705,-0.6510,-1.6189
881,0.8291,-0.8291,-1.5198,-2.3053
882,1.9744,1.8093,-1.8093,-2.9568
883,-0.8529,-1.2309,-1.2309,-1.2309
884,-0.8956,-0.5406,-0.8956,-1.5512
885,-1.4336,-1.4336,-1.5172,-1.5172
886,0.9417,-1.2699,-1.9832,-1.9832
887,-1.2264,1.2264,-1.2264,-2.0738
888,0.3354,0.3495,-0.3354,-1.4634
889,-1.6577,-1.3100,-1.3100,-2.1271
890,1.0402,1.0402,-1.1325,-2.3908
891,0.6607,0.6607,-0.6713,-1.5918
892,1.0836,-1.0836,-1.0836,-2.3588
893,0.9317,-1.4075,-1.1513,-1.4075
894,-0.6076,-0.6076,-0.6076,-0.9112
895,-1.3239,-1.3682,-1.3239,-1.8196
896,0.9001,0.9001,0.9001,-1.4265
897,0.5758,0.5758,-0.3793,-0.3793
898,-0.8758,-0.8251,-0.8758,-2.4195
899,1.6756,-1.6756,-1.6756,-1.6756
900,-0.6080,-0.6080,-0.6315,-1.7645
901,0.4489,0.1141,0.1141,-1.1585
902,0.2456,0.8701,0.8163,-1.6903
903,0.4116,-0.5999,-0.5999,-2.0035
904,-1.3232,-1.0249,-1.3254,-2.0854
905,-0.4854,-0.4409,-0.9747,-0.8981
906,-2.3867,-2.3867,-2.3867,-2.8075
907,0.7096,0.5886,-0.7415,-1.7549
908,0.8686,0.8686,-1.7011,-2.4684
909,1.0429,1.0429,0.8757,-1.8748
910,0.6200,1.1074,-0.6200,-0.7868
911,1.5072,1.5072,1.5072,-1.6158
912,0.4833,0.7379,-0.3992,-0.7379
913,-1.2548,-1.2548,-1.2548,-1.5491
914,0.5522,-1.4726,-1.4726,-2.0856
915,1.2030,1.2030,1.0494,-2.1773
916,-0.5114,-1.1228,0.5114,-0.7818
917,1.3311,-1.3311,1.3311,-1.5491
918,0.9177,2.1018,-0.9177,-2.1824
919,0.4198,-0.3065,-0.3065,0.3065
920,1.4612,1.1405,1.2674,-0.9899
921,1.0870,-1.4788,-0.7498,-2.1986
922,-0.5145,0.5145,0.5145,-2.8105
923,-0.8922,-0.8922,-0.9179,-0.9179
924,-0.2547,-0.2547,-0.7566,-2.8869
925,0.3080,0.4658,-0.3080,-1.2445
926,-1.2085,-1.2085,-1.2268,-1.2898
927,0.8454,0.4957,0.4957,-1.2488
928,-1.4853,-1.4853,-1.8499,-1.8499
929,-1.5923,-1.1843,-0.5369,-1.2168
930,-0.7893,-0.7893,-0.7893,-1.9622
931,0.4734,-0.4734,-0.4734,-1.2462
932,1.7386,1.7386,-0.9962,-2.1004
933,-1.1160,-1.1160,1.2791,-1.1644
934,0.6996,0.7244,0.7244,-0.8931
935,0.5949,-0.4180,-0.4180,-0.8696
936,0.8140,-1.1154,-0.8140,-1.9232
937,-0.1740,-0.1740,-0.1740,-1.0940
938,1.6794,-1.6794,-1.4328,-2.2902
939,-1.2438,2.0149,0.3905,-2.3078
940,-0.8763,1.3347,0.4822,-1.2881
941,2.3598,1.4879,0.6699,-2.3598
942,-0.7237,-1.5073,-1.5073,-2.7803
943,-0.4366,-1.1317,-0.8943,-1.9476
944,1.4373,-1.3338,-1.4373,-1.8341
945,-0.8079,0.3530,0.3530,-1.2803
946,-2.5071,-1.9350,-1.9350,-1.9350
947,-0.6090,-0.6090,-0.6090,-2.6392
948,-0.6594,-0.6594,-0.6594,-3.1103
949,0.7993,1.4764,-0.7993,-0.7993
950,-1.1831,0.2390,0.2390,-1.6708
951,0.6842,0.5781,0.5003,-1.3063
952,-1.4738,-1.0520,-1.0520,-1.0520
953,-1.7703,-1.7960,-0.8378,-1.7703
954,0.2229,-0.9941,-0.8559,-2.4051
955,0.9276,1.1276,1.0430,-0.8738
956,0.2012,0.4300,0.2012,0.2012
957,-0.5358,-0.5358,-1.4616,-1.4616
958,1.4243,-0.8404,-0.8404,-1.3931
959,-0.2008,-0.2008,-0.2008,-0.2008
960,0.8937,-0.2538,-1.1269,-2.3629
961,1.2603,1.2603,2.0877,-0.9582
962,0.7078,0.7078,0.7078,-0.9379
963,-0.2262,-0.2262,-0.2262,-1.9374
964,1.9602,0.9285,0.9285,-2.0935
965,-1.3608,-1.3608,-1.3608,-1.3608
966,-0.7605,1.1800,1.6220,-0.7605
967,-0.1823,-0.1823,-0.1823,-0.7170
968,0.6161,-0.6161,0.4119,-1.5416
969,-1.0573,-1.5289,-1.5289,-2.3492
970,-1.2822,1.7460,-1.2822,-1.7885
971,-0.8085,1.0592,0.8085,-1.0592
972,-0.5091,-1.0661,1.1419,-1.3250
973,0.2311,0.3879,-0.2311,-0.9985
974,0.4387,-1.2655,0.4387,-1.2655
975,0.7549,1.5095,0.7549,-1.7920
976,-0.4829,0.4829,0.4829,-2.1755
977,-0.6598,0.4356,0.6598,-1.6467
978,-1.0260,-1.0260,-1.0260,-2.0477
979,0.5969,1.0888,-1.2571,-1.2713
980,-1.0450,1.1177,-1.0450,-1.0450
981,1.2075,0.4815,0.4815,-2.4635
982,-0.6473,0.6473,0.8446,-0.9386
983,1.2483,-1.2483,-1.3882,-1.3882
984,2.2678,2.5023,-1.8837,-2.2678
985,-1.2059,-0.5944,-2.4621,-3.1077
986,0.3035,1.3174,0.3035,-1.3628
987,1.5596,1.5596,-2.0700,-1.7013
988,-0.7810,-0.4012,0.2670,-1.3486
989,-0.4642,1.0086,-0.5874,-2.4532
990,-1.5859,1.5859,1.6418,-2.3606
991,1.4946,0.8133,1.8308,-1.4946
992,1.4379,1.4379,1.4379,-3.5379
993,0.8876,0.8876,-1.1391,-1.8460
994,1.8777,-1.0234,-1.3540,-2.6160
995,-2.0068,-2.1664,-2.8087,-2.2779
996,-0.8037,-0.8037,-0.8037,-1.2329
997,1.1359,1.1359,1.4463,-2.4577
998,0.8106,1.2104,0.8106,-1.4787
999,-0.5643,0.5643,0.5643,-1.5127
1000,-1.1644,-0.3737,-0.3737,-2.2459
1001,0.8175,1.1562,0.8175,-2.4229
1002,-0.2613,-0.2613,-0.4097,-0.7247
1003,0.9644,-0.9644,-1.3534,-1.3534
1004,1.1321,-1.1412,-1.1321,-1.5694
1005,1.8098,-1.8098,-1.8098,-2.8478
1006,1.6151,1.2632,1.0461,-1.7533
1007,0.7341,-0.7341,-1.0057,-2.3156
1008,0.6423,-0.6423,-1.4076,-1.9437
1009,-0.7213,0.9638,-1.0367,-1.0367
1010,-0.3814,0.3814,0.4008,0.3814
1011,0.5419,-0.5419,-0.5419,-0.5419
1012,0.9116,0.4896,0.4896,-1.4762
1013,-0.9577,1.2767,1.0181,-1.3113
1014,0.8342,-0.5844,-0.8342,-1.3674
1015,0.5834,-1.0520,-0.2627,-1.0520
1016,-1.1666,-1.1666,-1.2805,-1.2805
1017,1.1429,-1.2243,-0.9395,-2.1540
1018,0.8360,0.8360,-0.8624,-0.8624
1019,-0.3234,-0.3020,-0.3020,-1.4505
1020,0.5683,0.2754,0.5683,-0.8524
1021,0.8733,0.9750,0.6530,-1.4719
1022,1.1545,-0.6495,-0.6495,-1.2242
1023,-0.4518,-0.8491,-0.4518,-0.8491
1024,0.3360,0.8056,0.8056,-0.3360
1025,0.7691,0.8308,0.7898,-1.6821
1026,-0.7175,-0.7175,-0.7278,-0.7862
1027,0.7976,-0.7976,-0.5829,-0.5829
1028,-0.7168,0.7048,0.7048,-0.1946
1029,1.2753,1.3796,-1.2753,-1.2753
1030,-0.8771,-0.8771,-1.0770,-2.3392
1031,-0.8143,-0.8670,-0.9259,-1.2029
