enviado\detectado,888,1050,1212,1375,1538,1700,1862,2025,2188,2350,2512,2675,2838,3000,3162,3325
888,1510,4,5,7,6,7,9,1,1,1,3,9,3,1,7,4
1050,0,1548,2,1,0,0,0,1,0,0,0,1,0,0,0,0
1212,4,4,1519,2,2,1,2,7,4,1,3,0,1,4,0,2
1375,1,0,0,1537,0,0,0,0,0,0,1,0,0,0,0,0
1538,28,46,40,57,1035,58,31,43,26,25,17,13,23,11,22,25
1700,37,40,31,47,50,1103,35,38,22,23,21,22,18,16,18,18
1862,29,24,17,22,16,24,1310,28,14,11,12,7,8,5,16,10
2025,21,9,26,18,9,40,28,1252,25,23,23,21,17,13,14,13
2188,4,6,4,9,3,14,9,11,1286,10,16,17,10,21,4,9
2350,8,4,3,9,3,9,11,7,18,1377,10,13,11,8,7,11
2512,10,8,12,13,6,17,15,17,14,31,1307,16,12,4,9,16
2675,14,6,13,19,4,24,24,18,23,26,23,1302,21,18,8,26
2838,2,2,0,12,3,6,8,5,0,1,7,11,1483,8,6,12
3000,1,0,2,1,0,2,2,3,6,5,4,4,2,1490,2,4
3162,0,2,0,1,0,2,2,0,1,2,2,2,3,1,1514,3
3325,0,0,0,0,0,0,0,0,0,0,0,0,0,0,1,1597
