direcao,gravacao,rotulo,ganho,fecrep,sync_chirp,pico,inicio,periodo,simbolos,erros,acerto_1a_metade,acerto_2a_metade,ser
B->A,resultados/08-MARY-GAIN/gravacao/20260903-162920-mg2-g1.0.json,mg2-g1.0,1.0,2,False,0.15815576910972595,32568,480.05,592,47,0.9256756756756757,0.9155405405405406,0.07939189189189189
B->A,resultados/08-MARY-GAIN/gravacao/20260903-162931-mg2-g1.0.json,mg2-g1.0,1.0,2,False,0.1551087498664856,28644,480.1,592,74,0.8445945945945946,0.9054054054054054,0.125
B->A,resultados/08-MARY-GAIN/gravacao/20260903-162941-mg2-g1.0.json,mg2-g1.0,1.0,2,False,0.14367429912090302,28656,480.05,592,61,0.9121621621621622,0.8817567567567568,0.10304054054054054
B->A,resultados/08-MARY-GAIN/gravacao/20260903-163009-mg2-g0.5.json,mg2-g0.5,0.5,2,False,0.1318325698375702,165668,480.15,567,60,0.8763250883392226,0.9119718309859155,0.10582010582010581
B->A,resultados/08-MARY-GAIN/gravacao/20260903-163020-mg2-g0.5.json,mg2-g0.5,0.5,2,False,0.08540098369121552,31568,480.1,592,80,0.8243243243243243,0.9054054054054054,0.13513513513513514
B->A,resultados/08-MARY-GAIN/gravacao/20260903-163031-mg2-g0.5.json,mg2-g0.5,0.5,2,False,0.10123613476753235,33600,480.05,592,10,0.9831081081081081,0.9831081081081081,0.016891891891891893
B->A,resultados/08-MARY-GAIN/gravacao/20260903-163126-mg3-g0.7.json,mg3-g0.7,0.7,2,False,0.12697336077690125,28412,480.2,592,24,0.9459459459459459,0.972972972972973,0.04054054054054054
B->A,resultados/08-MARY-GAIN/gravacao/20260903-163137-mg3-g0.7.json,mg3-g0.7,0.7,2,False,0.12079817801713943,30492,479.9,592,15,0.9662162162162162,0.9831081081081081,0.02533783783783784
B->A,resultados/08-MARY-GAIN/gravacao/20260903-163147-mg3-g0.7.json,mg3-g0.7,0.7,2,False,0.12707774341106415,32508,479.85,592,32,0.9222972972972973,0.9695945945945946,0.05405405405405406
B->A,resultados/08-MARY-GAIN/gravacao/20260903-163214-mg3-g0.25.json,mg3-g0.25,0.25,2,False,0.06917600333690643,30928,480.1,592,26,0.9358108108108109,0.9763513513513513,0.04391891891891892
B->A,resultados/08-MARY-GAIN/gravacao/20260903-163225-mg3-g0.25.json,mg3-g0.25,0.25,2,False,0.07062354683876038,30912,479.8,592,22,0.9527027027027027,0.972972972972973,0.037162162162162164
B->A,resultados/08-MARY-GAIN/gravacao/20260903-163235-mg3-g0.25.json,mg3-g0.25,0.25,2,False,0.06243475526571274,28668,479.9,592,0,1.0,1.0,0.0
B->A,resultados/14-FEC-REP/gravacao/20260903-172504-rep1-B2A.json,rep1-B2A,1.0,1,False,0.19190862774848938,27080,480.2,300,35,0.88,0.8866666666666667,0.11666666666666667
B->A,resultados/14-FEC-REP/gravacao/20260903-172511-rep1-B2A.json,rep1-B2A,1.0,1,False,0.20365449786186218,27096,479.9,300,55,0.7866666666666666,0.8466666666666667,0.18333333333333332
B->A,resultados/14-FEC-REP/gravacao/20260903-172519-rep1-B2A.json,rep1-B2A,1.0,1,False,0.1866968870162964,26928,480.2,300,53,0.8266666666666667,0.82,0.17666666666666667
B->A,resultados/14-FEC-REP/gravacao/20260903-172526-rep1-B2A.json,rep1-B2A,1.0,1,False,0.1840738207101822,29004,480.25,300,36,0.8866666666666667,0.8733333333333333,0.12
B->A,resultados/14-FEC-REP/gravacao/20260903-172550-rep4-B2A.json,rep4-B2A,1.0,4,False,0.19542445242404938,162888,480.0,1157,166,0.8737024221453287,0.8393782383419689,0.14347450302506481
B->A,resultados/14-FEC-REP/gravacao/20260903-172606-rep4-B2A.json,rep4-B2A,1.0,4,False,0.19304201006889343,28608,480.0,1177,187,0.8384353741496599,0.8438030560271647,0.1588785046728972
B->A,resultados/14-FEC-REP/gravacao/20260903-172623-rep4-B2A.json,rep4-B2A,1.0,4,False,0.19343693554401398,28512,480.0,1177,172,0.8452380952380952,0.8624787775891342,0.14613423959218352
B->A,resultados/14-FEC-REP/gravacao/20260903-172639-rep4-B2A.json,rep4-B2A,1.0,4,False,0.1940697431564331,28616,480.0,1177,162,0.8758503401360545,0.8488964346349746,0.13763806287170774
B->A,resultados/14-FEC-REP/gravacao/20260903-172703-rep2-B2A.json,rep2-B2A,1.0,2,False,0.20566986501216888,26968,479.95,592,95,0.831081081081081,0.847972972972973,0.16047297297297297
B->A,resultados/14-FEC-REP/gravacao/20260903-172714-rep2-B2A.json,rep2-B2A,1.0,2,False,0.19725768268108368,28844,480.1,592,80,0.8445945945945946,0.8851351351351351,0.13513513513513514
B->A,resultados/14-FEC-REP/gravacao/20260903-172724-rep2-B2A.json,rep2-B2A,1.0,2,False,0.1914764791727066,28832,480.15,592,70,0.8783783783783784,0.8851351351351351,0.11824324324324324
B->A,resultados/14-FEC-REP/gravacao/20260903-172735-rep2-B2A.json,rep2-B2A,1.0,2,False,0.17754344642162323,29024,480.0,592,99,0.8040540540540541,0.8614864864864865,0.16722972972972974
B->A,resultados/12-13-SYNC/gravacao/20260903-164114-sync-192.json,sync-192,1.0,2,True,0.15485744178295135,40440,480.0,2320,179,0.9482758620689655,0.8974137931034483,0.0771551724137931
B->A,resultados/12-13-SYNC/gravacao/20260903-164142-sync-192.json,sync-192,1.0,2,True,0.19448794424533844,42592,479.95,2320,177,0.925,0.9224137931034483,0.07629310344827586
B->A,resultados/12-13-SYNC/gravacao/20260903-164210-sync-192.json,sync-192,1.0,2,True,0.16526050865650177,40316,480.1,2320,177,0.9267241379310345,0.9206896551724137,0.07629310344827586
B->A,resultados/12-13-SYNC/gravacao/20260903-164238-sync-192.json,sync-192,1.0,2,True,0.1517530381679535,42528,479.95,2320,251,0.8801724137931034,0.903448275862069,0.10818965517241379
A->B,resultados/17-SPK-LEVEL-A2B/gravacao/20260903-194719-spk20-g0.5-A2B.json,spk20-g0.5-A2B,0.5,1,False,0.08951079100370407,50368,479.95,300,62,0.78,0.8066666666666666,0.20666666666666667
A->B,resultados/17-SPK-LEVEL-A2B/gravacao/20260903-194853-spk20-g0.5-A2B.json,spk20-g0.5-A2B,0.5,1,False,0.09668263792991638,50220,480.1,300,74,0.7133333333333334,0.7933333333333333,0.24666666666666667
A->B,resultados/17-SPK-LEVEL-A2B/gravacao/20260903-195028-spk20-g0.5-A2B.json,spk20-g0.5-A2B,0.5,1,False,0.061372723430395126,50176,480.05,300,76,0.7466666666666667,0.7466666666666667,0.25333333333333335
A->B,resultados/17-SPK-LEVEL-A2B/gravacao/20260903-195822-spk20-g1.0-A2B.json,spk20-g1.0-A2B,1.0,1,False,0.08078249543905258,50428,479.95,300,84,0.7466666666666667,0.6933333333333334,0.28
A->B,resultados/17-SPK-LEVEL-A2B/gravacao/20260903-195956-spk20-g1.0-A2B.json,spk20-g1.0-A2B,1.0,1,False,0.08893093466758728,52360,479.9,300,60,0.78,0.82,0.2
A->B,resultados/17-SPK-LEVEL-A2B/gravacao/20260903-200131-spk20-g1.0-A2B.json,spk20-g1.0-A2B,1.0,1,False,0.12494277954101562,50236,479.95,300,84,0.7,0.74,0.28
A->B,resultados/17-SPK-LEVEL-A2B/gravacao/20260903-200309-spk20-g0.25-A2B.json,spk20-g0.25-A2B,0.25,1,False,0.0790429413318634,49620,480.0,300,77,0.72,0.7666666666666667,0.25666666666666665
A->B,resultados/17-SPK-LEVEL-A2B/gravacao/20260903-200444-spk20-g0.25-A2B.json,spk20-g0.25-A2B,0.25,1,False,0.17990660667419434,51612,479.85,300,122,0.6333333333333333,0.5533333333333333,0.4066666666666667
A->B,resultados/17-SPK-LEVEL-A2B/gravacao/20260903-200619-spk20-g0.25-A2B.json,spk20-g0.25-A2B,0.25,1,False,0.1274147778749466,49440,480.05,300,75,0.7333333333333333,0.7666666666666667,0.25
