direcao,indice,hz,simbolos,erros,ser,erros_isi,ser_sem_isi,vitorias_falsas,taxa_vitoria_falsa
B->A,0,888,1578,68,0.043092522179974654,29,0.024714828897338403,159,0.006901940356817294
B->A,1,1050,1553,5,0.003219575016097875,2,0.0019317450096587251,155,0.0067210129216893595
B->A,2,1212,1556,37,0.02377892030848329,12,0.016066838046272493,155,0.006721887332494904
B->A,3,1375,1539,2,0.001299545159194282,1,0.000649772579597141,218,0.009447044548448604
B->A,4,1538,1500,465,0.31,132,0.222,102,0.004412719013627515
B->A,5,1700,1539,436,0.28330084470435346,99,0.2189733593242365,204,0.008840353614144566
B->A,6,1862,1553,243,0.15647134578235672,89,0.09916291049581455,176,0.007631601769144046
B->A,7,2025,1552,300,0.19329896907216496,73,0.14626288659793815,179,0.007761349347439622
B->A,8,2188,1433,147,0.10258199581297976,61,0.06001395673412421,154,0.0066430851522733154
B->A,9,2350,1509,132,0.0874751491053678,40,0.06096752816434725,159,0.006881329524798753
B->A,10,2512,1507,200,0.13271400132714,59,0.09356337093563372,142,0.006145057988575385
B->A,11,2675,1569,267,0.1701720841300191,62,0.13065646908859146,136,0.005901240996268333
B->A,12,2838,1566,83,0.05300127713920817,23,0.038314176245210725,129,0.005596772094234023
B->A,13,3000,1528,38,0.024869109947643978,11,0.01767015706806283,110,0.004764586130722918
B->A,14,3162,1535,21,0.013680781758957655,2,0.012377850162866449,114,0.004939341421143847
B->A,15,3325,1598,1,0.0006257822277847309,1,0.0,153,0.006647260720337142
A->B,0,888,170,55,0.3235294117647059,11,0.25882352941176473,41,0.016205533596837945
A->B,1,1050,172,141,0.8197674418604651,39,0.5930232558139535,34,0.013449367088607595
A->B,2,1212,155,76,0.49032258064516127,26,0.3225806451612903,145,0.05697445972495088
A->B,3,1375,172,16,0.09302325581395349,8,0.046511627906976744,119,0.04707278481012658
A->B,4,1538,157,31,0.19745222929936307,6,0.1592356687898089,78,0.03067243413291388
A->B,5,1700,142,0,0.0,0,0.0,57,0.022283033620015637
A->B,6,1862,171,39,0.22807017543859648,6,0.19298245614035087,37,0.014630288651640965
A->B,7,2025,178,25,0.1404494382022472,8,0.09550561797752809,33,0.013084853291038858
A->B,8,2188,171,76,0.4444444444444444,33,0.25146198830409355,5,0.0019770660340055358
A->B,9,2350,154,15,0.09740259740259741,3,0.07792207792207792,6,0.002356637863315004
A->B,10,2512,164,15,0.09146341463414634,2,0.07926829268292683,23,0.009069400630914827
A->B,11,2675,174,96,0.5517241379310345,25,0.40804597701149425,10,0.00395882818685669
A->B,12,2838,189,13,0.06878306878306878,8,0.026455026455026454,17,0.0067702110712863405
A->B,13,3000,194,1,0.005154639175257732,1,0.0,31,0.012370311252992818
A->B,14,3162,162,112,0.691358024691358,27,0.5246913580246914,31,0.012214342001576044
A->B,15,3325,175,3,0.017142857142857144,0,0.017142857142857144,47,0.018613861386138613
