gravacao,rotulo,posicao,ifk,periodo_amostras_por_simbolo,desvio_do_nominal_amostras,desvio_ppm,bits_certos_duas_varreduras_pct,bloco_ok
20261008-161939,f04-16fsk,1,nao,479.998,-0.0,-5,85.7,0
20261008-162232,f04-16fsk-b,1,nao,,,,,
20261008-162241,f06-16fsk-ifk,1,sim,479.995,-0.0,-10,86.3,0
20261008-162821,f04-16fsk-v3,2,nao,479.998,-0.0,-5,83.3,1
20261008-162831,f06-16fsk-ifk-v3,2,sim,479.998,-0.0,-5,79.6,0
20261008-162926,f04-16fsk-v4,2,nao,479.998,-0.0,-5,90.8,1
20261008-162936,f06-16fsk-ifk-v4,2,sim,479.995,-0.0,-10,88.6,0
20261008-164832,f04-16fsk-10cm,3,nao,479.998,-0.0,-5,100.0,1
20261008-164852,f06-16fsk-ifk-10cm,3,sim,479.998,-0.0,-5,99.0,1
