freq_hz,nivel_rel_db,snr_db
425,-4.3,49.0
475,-7.0,47.4
525,-3.9,51.8
575,-3.6,49.2
625,-9.7,43.5
675,-11.1,44.0
725,-0.7,52.3
775,-7.9,46.8
825,-8.6,46.3
875,-6.0,52.5
925,-7.7,48.7
975,-4.5,55.0
1025,-9.4,51.0
1075,-13.5,45.2
1125,-7.8,52.2
1175,-9.7,48.9
1225,-12.2,48.5
1275,-8.4,51.0
1325,-5.2,54.5
1375,-5.7,54.4
1425,-4.1,53.9
1475,-11.3,48.3
1525,-9.5,50.5
1575,-5.3,54.3
1625,-2.2,56.8
1675,-1.0,58.5
1725,-6.7,53.4
1775,-3.9,56.4
1825,-3.4,57.6
1875,0.0,60.5
1925,-0.1,61.3
1975,-1.9,59.6
2025,-2.0,57.9
2075,-2.4,59.5
2125,-3.1,59.8
2175,-5.1,57.9
2225,-6.5,57.8
2275,-6.3,58.4
2325,-5.3,61.0
2375,-3.6,60.4
2425,-6.0,57.7
2475,-10.7,55.8
2525,-10.1,56.7
2575,-14.3,52.6
2625,-12.5,56.6
2675,-10.3,57.6
2725,-11.6,55.0
2775,-11.0,56.1
2825,-12.3,56.4
2875,-11.3,58.7
2925,-18.7,51.0
2975,-12.1,55.6
3025,-14.2,55.2
3075,-10.4,61.1
3125,-10.0,59.8
3175,-15.8,53.0
3225,-9.3,60.1
3275,-10.7,55.0
3325,-11.0,59.0
3375,-9.3,60.5
3425,-16.1,50.5
3475,-13.3,57.0
3525,-13.7,57.0
3575,-11.1,58.1
3625,-11.0,58.8
3675,-16.0,55.1
3725,-19.5,50.2
3775,-19.1,47.3
3825,-16.6,53.9
3875,-15.2,55.9
3925,-16.3,49.2
3975,-10.9,59.9
4025,-13.5,57.8
4075,-17.3,51.7
4125,-15.5,53.2
4175,-15.1,47.8
