condicao,gravacao,tom_Hz,densidade_media_dB_na_faixa_40Hz
ar-condicionado ligado,20261008-160944-f00-piso,888,-86.76
ar-condicionado ligado,20261008-160944-f00-piso,1050,-85.87
ar-condicionado ligado,20261008-160944-f00-piso,1212,-89.94
ar-condicionado ligado,20261008-160944-f00-piso,1375,-88.94
ar-condicionado ligado,20261008-160944-f00-piso,1538,-94.18
ar-condicionado ligado,20261008-160944-f00-piso,1700,-93.92
ar-condicionado ligado,20261008-160944-f00-piso,1862,-92.89
ar-condicionado ligado,20261008-160944-f00-piso,2025,-94.97
ar-condicionado ligado,20261008-160944-f00-piso,2188,-95.35
ar-condicionado ligado,20261008-160944-f00-piso,2350,-97.96
ar-condicionado ligado,20261008-160944-f00-piso,2512,-96.87
ar-condicionado ligado,20261008-160944-f00-piso,2675,-97.69
ar-condicionado ligado,20261008-160944-f00-piso,2838,-98.07
ar-condicionado ligado,20261008-160944-f00-piso,3000,-99.22
ar-condicionado ligado,20261008-160944-f00-piso,3162,-100.48
ar-condicionado ligado,20261008-160944-f00-piso,3325,-99.69
silencio,20261008-161258-f00-piso,888,-105.39
silencio,20261008-161258-f00-piso,1050,-106.52
silencio,20261008-161258-f00-piso,1212,-108.26
silencio,20261008-161258-f00-piso,1375,-105.82
silencio,20261008-161258-f00-piso,1538,-105.69
silencio,20261008-161258-f00-piso,1700,-107.38
silencio,20261008-161258-f00-piso,1862,-108.30
silencio,20261008-161258-f00-piso,2025,-107.85
silencio,20261008-161258-f00-piso,2188,-109.68
silencio,20261008-161258-f00-piso,2350,-113.16
silencio,20261008-161258-f00-piso,2512,-113.32
silencio,20261008-161258-f00-piso,2675,-113.24
silencio,20261008-161258-f00-piso,2838,-112.96
silencio,20261008-161258-f00-piso,3000,-112.66
silencio,20261008-161258-f00-piso,3162,-114.96
silencio,20261008-161258-f00-piso,3325,-111.38
