gravacao,t_s,888,1050,1212,1375,1538,1700,1862,2025,2188,2350,2512,2675,2838,3000,3162,3325
20261008-161343-f00-nivel,2.2400,-3.6,-12.6,-17.1,-28.2,-18.3,-8.1,-12.1,-12.1,-22.5,-29.9,-30.1,-26.6,-30.7,-24.5,-26.1,-23.2
20261008-161343-f00-nivel,2.2420,-3.5,-13.8,-19.0,-22.1,-17.5,-7.2,-14.4,-15.1,-21.8,-27.9,-23.9,-24.0,-33.5,-20.8,-24.4,-23.3
20261008-161343-f00-nivel,2.2440,-5.8,-19.3,-24.3,-23.1,-12.4,-5.9,-19.7,-35.4,-25.2,-18.4,-23.1,-25.5,-24.2,-17.4,-23.8,-19.9
20261008-161343-f00-nivel,2.2460,-9.7,-22.2,-23.4,-25.3,-15.4,-5.7,-13.2,-20.5,-11.6,-13.0,-23.1,-25.0,-25.2,-15.9,-25.9,-15.8
20261008-161343-f00-nivel,2.2480,-12.7,-13.7,-22.7,-27.4,-13.5,-11.5,-11.5,-11.2,-5.2,-13.6,-29.5,-28.3,-23.5,-16.9,-23.4,-15.1
20261008-161343-f00-nivel,2.2500,-11.6,-11.8,-16.5,-23.9,-12.3,-14.9,-14.9,-12.6,-4.4,-14.7,-36.5,-31.6,-32.1,-18.5,-39.8,-15.4
20261008-161343-f00-nivel,2.2520,-10.5,-21.4,-16.1,-21.5,-17.1,-8.5,-18.7,-17.6,-6.0,-33.0,-27.9,-29.6,-25.6,-23.1,-23.6,-17.6
20261008-161343-f00-nivel,2.2540,-8.0,-20.1,-15.4,-18.4,-14.2,-6.5,-17.6,-15.7,-6.5,-14.9,-36.4,-26.8,-35.9,-28.3,-29.7,-25.4
20261008-161343-f00-nivel,2.2560,-6.5,-14.6,-18.9,-13.1,-12.3,-5.5,-12.3,-17.7,-8.8,-12.4,-31.2,-28.2,-24.1,-28.4,-27.2,-24.5
20261008-161343-f00-nivel,2.2580,-6.8,-18.9,-17.5,-8.6,-19.5,-8.1,-15.9,-20.4,-15.6,-14.6,-22.6,-32.8,-32.2,-22.0,-23.8,-25.6
20261008-161343-f00-nivel,2.2600,-7.1,-15.7,-16.7,-6.9,-12.6,-13.4,-22.2,-21.1,-15.6,-14.4,-21.7,-26.5,-24.7,-20.8,-30.3,-33.8
20261008-161343-f00-nivel,2.2620,-8.0,-11.4,-20.5,-7.2,-18.8,-15.4,-16.6,-17.4,-16.6,-15.9,-35.6,-27.0,-22.2,-22.9,-31.9,-32.3
20261008-161343-f00-nivel,2.2640,-9.6,-17.1,-16.1,-12.4,-10.4,-17.1,-13.8,-17.3,-17.3,-23.5,-23.4,-26.3,-28.3,-25.9,-24.6,-22.1
20261008-161343-f00-nivel,2.2660,-11.5,-25.2,-17.7,-17.2,-16.7,-9.6,-12.9,-25.3,-23.7,-27.5,-25.7,-23.8,-25.7,-26.6,-22.7,-20.0
20261008-161343-f00-nivel,2.2680,-14.3,-19.9,-22.1,-13.2,-15.6,-7.7,-21.3,-15.1,-22.0,-19.5,-23.5,-22.7,-25.7,-22.7,-23.8,-23.3
20261008-161343-f00-nivel,2.2700,-18.6,-14.4,-15.2,-15.6,-14.8,-7.2,-9.7,-7.8,-12.9,-20.5,-26.7,-22.4,-37.8,-25.8,-33.5,-29.6
20261008-161343-f00-nivel,2.2720,-19.6,-17.8,-15.6,-15.4,-19.6,-11.1,-12.6,-6.5,-12.8,-23.9,-22.5,-27.8,-29.4,-38.9,-30.5,-42.0
20261008-161343-f00-nivel,2.2740,-17.2,-20.4,-45.1,-12.7,-15.8,-19.2,-17.5,-7.9,-15.8,-21.5,-24.9,-25.1,-31.4,-40.1,-29.4,-26.2
20261008-161343-f00-nivel,2.2760,-12.5,-24.9,-18.1,-10.5,-17.6,-17.5,-8.8,-7.9,-25.5,-18.8,-21.4,-27.6,-29.0,-34.6,-26.2,-22.0
20261008-161343-f00-nivel,2.2780,-8.8,-20.9,-18.9,-12.3,-18.7,-20.7,-9.6,-9.5,-24.4,-21.4,-23.0,-28.9,-28.0,-29.5,-26.3,-20.0
20261008-161343-f00-nivel,2.2800,-6.5,-14.2,-17.4,-15.8,-24.2,-22.6,-20.1,-16.2,-19.8,-25.4,-29.8,-30.1,-28.9,-29.3,-32.6,-18.8
20261008-161343-f00-nivel,2.2820,-6.2,-19.8,-28.2,-17.2,-22.8,-18.8,-17.4,-16.8,-18.0,-31.9,-24.2,-23.1,-29.2,-29.1,-26.6,-18.4
20261008-161343-f00-nivel,2.2840,-5.3,-19.8,-28.2,-17.8,-20.1,-16.5,-23.1,-11.6,-17.5,-29.6,-20.9,-24.9,-32.8,-27.1,-27.1,-19.5
20261008-161343-f00-nivel,2.2860,-5.0,-12.4,-20.6,-17.5,-33.5,-17.0,-15.9,-11.5,-19.7,-20.6,-25.2,-31.6,-37.3,-24.4,-35.9,-23.3
20261008-161343-f00-nivel,2.2880,-9.7,-15.5,-26.5,-19.4,-28.3,-16.7,-23.1,-8.4,-12.9,-17.5,-28.9,-36.0,-30.8,-22.5,-24.1,-40.0
20261008-161343-f00-nivel,2.2900,-30.7,-15.5,-11.7,-23.8,-15.5,-14.7,-17.7,-6.0,-13.8,-17.9,-22.9,-29.9,-26.0,-23.3,-28.8,-28.5
20261008-161343-f00-nivel,2.2920,-8.8,-5.1,-11.4,-17.4,-15.3,-12.4,-15.3,-7.3,-13.6,-18.7,-34.5,-23.8,-31.2,-27.1,-29.2,-32.3
20261008-161343-f00-nivel,2.2940,-5.9,-5.2,-9.0,-13.4,-14.7,-13.8,-19.6,-10.1,-18.0,-18.2,-36.9,-24.9,-32.6,-29.3,-30.5,-27.3
20261008-161343-f00-nivel,2.2960,-6.7,-8.1,-14.0,-10.9,-13.1,-16.5,-30.2,-9.9,-12.8,-23.0,-30.1,-25.4,-34.6,-31.4,-41.0,-26.3
20261008-161343-f00-nivel,2.2980,-2.8,-5.3,-13.7,-24.1,-17.3,-16.3,-20.3,-10.6,-15.4,-32.6,-34.3,-25.6,-36.6,-28.2,-28.0,-22.9
20261008-161343-f00-nivel,2.3000,-2.7,-6.8,-11.2,-17.5,-17.1,-12.0,-21.6,-14.7,-21.4,-29.4,-34.3,-27.7,-35.8,-32.1,-25.0,-21.9
20261008-161343-f00-nivel,2.3020,-6.5,-9.4,-8.2,-15.0,-14.8,-12.5,-17.7,-25.6,-24.7,-23.2,-32.6,-34.3,-36.1,-40.9,-32.6,-25.9
20261008-161343-f00-nivel,2.3040,-10.2,-15.3,-4.0,-15.7,-12.6,-19.1,-30.1,-23.7,-20.7,-16.8,-26.9,-29.2,-32.0,-37.2,-51.8,-29.6
20261008-161343-f00-nivel,2.3060,-13.7,-11.2,-4.7,-8.9,-16.7,-27.8,-19.9,-17.4,-27.0,-11.9,-16.3,-24.6,-34.9,-40.3,-33.4,-35.1
20261008-161343-f00-nivel,2.3080,-17.8,-17.9,-11.0,-12.5,-26.3,-17.6,-13.8,-20.8,-14.3,-8.8,-21.1,-25.3,-41.7,-38.3,-38.1,-35.9
20261008-161343-f00-nivel,2.3100,-14.8,-20.5,-14.1,-13.8,-20.5,-16.8,-15.7,-24.8,-12.6,-7.9,-26.3,-33.6,-30.4,-30.9,-30.5,-31.8
20261008-161343-f00-nivel,2.3120,-17.7,-11.0,-14.6,-12.1,-20.2,-14.5,-27.9,-18.7,-18.3,-8.3,-18.3,-28.2,-37.3,-34.3,-26.1,-39.4
20261008-161343-f00-nivel,2.3140,-20.0,-11.4,-31.4,-14.4,-29.4,-15.1,-15.3,-12.9,-15.0,-10.0,-21.0,-29.0,-35.9,-33.1,-27.3,-35.9
20261008-161343-f00-nivel,2.3160,-12.1,-17.0,-24.1,-15.6,-28.0,-18.0,-13.0,-19.4,-13.9,-12.6,-34.3,-25.1,-27.7,-49.4,-29.6,-38.9
20261008-161343-f00-nivel,2.3180,-11.8,-14.2,-13.9,-15.0,-21.8,-23.1,-17.7,-15.5,-33.6,-15.0,-21.9,-25.4,-34.2,-31.9,-31.9,-39.9
20261008-161343-f00-nivel,2.3200,-15.8,-10.7,-9.2,-23.0,-23.0,-24.1,-17.2,-10.2,-24.1,-16.2,-24.1,-29.5,-39.4,-36.7,-42.3,-32.2
20261008-161343-f00-nivel,2.3220,-11.7,-10.5,-11.9,-23.6,-23.7,-20.7,-18.6,-7.5,-19.5,-16.0,-25.3,-31.6,-36.4,-43.6,-32.8,-27.9
20261008-161343-f00-nivel,2.3240,-9.6,-12.9,-14.6,-30.6,-22.9,-18.2,-15.8,-4.9,-14.9,-13.6,-32.7,-30.7,-28.4,-35.7,-32.8,-24.9
20261008-161343-f00-nivel,2.3260,-13.5,-10.6,-10.8,-17.3,-23.8,-17.5,-10.9,-5.1,-9.8,-16.4,-15.7,-16.4,-19.2,-30.9,-38.4,-24.1
20261008-161343-f00-nivel,2.3280,-13.5,-9.8,-12.3,-16.3,-16.6,-15.9,-17.1,-9.6,-15.2,-26.2,-15.9,-9.4,-18.0,-28.7,-34.3,-22.6
20261008-161343-f00-nivel,2.3300,-17.1,-12.2,-15.0,-17.6,-22.5,-15.7,-18.5,-10.1,-16.7,-21.9,-20.2,-7.7,-17.3,-30.3,-26.2,-22.3
20261008-161343-f00-nivel,2.3320,-33.0,-19.9,-19.8,-19.9,-16.7,-14.2,-13.9,-9.9,-19.5,-28.3,-26.2,-7.9,-19.7,-30.7,-40.4,-24.1
20261008-161343-f00-nivel,2.3340,-19.4,-15.6,-13.5,-21.5,-19.9,-14.6,-29.3,-10.3,-22.8,-19.8,-15.5,-8.7,-19.3,-32.7,-30.9,-27.5
20261008-161343-f00-nivel,2.3360,-12.7,-7.9,-13.4,-19.4,-20.2,-16.0,-13.8,-8.2,-17.7,-19.4,-18.8,-11.2,-18.5,-41.2,-31.4,-32.3
20261008-161343-f00-nivel,2.3380,-8.4,-7.7,-26.7,-23.7,-20.5,-18.2,-20.3,-9.3,-13.6,-25.6,-19.5,-12.4,-25.1,-28.2,-29.6,-29.0
20261008-161343-f00-nivel,2.3400,-8.1,-13.5,-25.5,-20.9,-24.4,-25.0,-20.2,-14.8,-14.6,-19.8,-31.2,-11.6,-21.0,-34.5,-32.6,-27.7
20261008-161343-f00-nivel,2.3420,-7.0,-10.5,-14.9,-21.1,-32.3,-25.5,-27.6,-15.2,-13.8,-12.5,-19.9,-12.5,-22.7,-35.0,-38.9,-29.8
20261008-161343-f00-nivel,2.3440,-6.7,-4.5,-16.7,-18.8,-27.7,-20.5,-24.1,-13.2,-28.0,-11.5,-19.5,-13.1,-22.7,-37.9,-46.0,-30.7
20261008-161343-f00-nivel,2.3460,-13.4,-4.3,-9.0,-23.4,-23.0,-13.5,-8.2,-9.5,-33.2,-12.6,-18.5,-14.9,-19.8,-28.4,-30.2,-29.2
20261008-161343-f00-nivel,2.3480,-8.4,-4.0,-9.5,-24.6,-26.4,-14.0,-3.5,-9.1,-14.5,-13.8,-37.4,-18.4,-18.9,-27.6,-25.3,-28.7
20261008-161343-f00-nivel,2.3500,-6.9,-6.6,-15.6,-22.1,-23.7,-14.9,-2.4,-30.1,-20.8,-17.2,-22.5,-14.3,-18.4,-32.4,-32.6,-27.8
20261008-161343-f00-nivel,2.3520,-11.5,-11.6,-12.9,-17.0,-22.7,-12.9,-0.6,-7.6,-16.1,-23.7,-43.8,-12.7,-18.6,-38.5,-43.7,-31.9
20261008-161343-f00-nivel,2.3540,-13.0,-15.0,-15.7,-26.0,-12.9,-7.6,-1.1,-6.9,-18.1,-19.6,-21.3,-14.0,-23.2,-39.0,-33.5,-35.6
20261008-161343-f00-nivel,2.3560,-11.3,-11.4,-19.9,-15.4,-9.0,-12.0,-5.7,-14.3,-27.8,-20.4,-30.0,-16.2,-40.3,-27.5,-37.7,-34.2
20261008-161343-f00-nivel,2.3580,-14.1,-15.1,-13.8,-30.6,-8.5,-19.4,-10.3,-17.6,-41.9,-21.5,-24.3,-17.8,-30.8,-26.5,-38.2,-37.2
20261008-161343-f00-nivel,2.3600,-13.1,-13.6,-21.1,-12.6,-7.8,-16.7,-12.3,-34.0,-25.8,-22.8,-30.4,-17.2,-31.5,-28.6,-33.5,-36.7
20261008-161343-f00-nivel,2.3620,-10.1,-9.3,-17.3,-16.9,-7.9,-18.7,-12.7,-26.6,-22.4,-35.9,-23.0,-15.5,-25.4,-33.1,-29.2,-40.0
20261008-161343-f00-nivel,2.3640,-11.7,-10.2,-20.2,-19.6,-12.7,-8.9,-9.1,-19.3,-28.7,-21.8,-28.4,-14.4,-19.2,-31.3,-28.0,-39.9
20261008-161343-f00-nivel,2.3660,-18.3,-11.4,-15.9,-22.7,-12.0,-16.7,-5.7,-17.4,-16.7,-15.6,-23.0,-14.2,-24.1,-34.0,-26.6,-38.6
20261008-161343-f00-nivel,2.3680,-29.2,-14.0,-14.9,-17.2,-8.7,-12.5,-6.5,-12.5,-15.3,-15.7,-22.3,-14.3,-28.4,-29.1,-28.4,-46.5
20261008-161343-f00-nivel,2.3700,-17.8,-19.6,-21.4,-14.6,-5.8,-15.9,-9.8,-10.3,-22.3,-19.7,-24.7,-14.9,-23.2,-33.3,-33.1,-36.2
20261008-161343-f00-nivel,2.3720,-21.9,-12.9,-19.7,-21.6,-6.6,-10.2,-14.5,-12.0,-27.1,-19.1,-22.9,-17.3,-33.7,-33.6,-31.6,-30.4
20261008-161343-f00-nivel,2.3740,-12.8,-11.1,-39.7,-16.9,-8.4,-17.3,-9.6,-6.3,-14.3,-23.6,-25.4,-18.3,-25.6,-37.0,-30.8,-25.1
20261008-161343-f00-nivel,2.3760,-9.6,-12.9,-14.8,-15.8,-11.3,-40.8,-8.0,-5.5,-11.1,-21.7,-27.3,-16.7,-21.0,-31.3,-30.8,-27.3
20261008-161343-f00-nivel,2.3780,-4.4,-7.5,-22.4,-44.3,-17.2,-15.6,-12.3,-13.4,-12.8,-27.9,-28.8,-16.9,-24.4,-28.2,-29.8,-29.0
20261008-161343-f00-nivel,2.3800,-2.0,-7.1,-23.1,-26.5,-33.7,-32.3,-16.4,-17.3,-17.4,-22.0,-28.0,-19.8,-32.2,-40.2,-29.5,-27.0
20261008-161343-f00-nivel,2.3820,-2.0,-23.5,-16.9,-30.5,-21.0,-17.9,-11.9,-11.2,-25.0,-20.8,-29.1,-24.6,-32.7,-35.3,-34.8,-28.4
20261008-161343-f00-nivel,2.3840,-2.2,-8.1,-17.4,-34.5,-18.1,-18.2,-16.8,-10.6,-28.0,-19.4,-35.3,-27.3,-34.4,-33.2,-32.5,-27.5
20261008-161343-f00-nivel,2.3860,-5.1,-7.8,-28.7,-22.4,-19.9,-30.3,-19.4,-10.1,-20.3,-20.6,-24.1,-25.6,-28.9,-28.8,-31.0,-27.1
20261008-161343-f00-nivel,2.3880,-13.2,-18.5,-19.8,-38.9,-19.9,-24.5,-12.8,-11.4,-19.4,-25.3,-29.7,-26.0,-30.5,-27.9,-29.4,-34.1
20261008-161343-f00-nivel,2.3900,-11.8,-11.9,-22.4,-28.7,-16.7,-16.6,-17.5,-16.5,-23.3,-23.5,-31.3,-24.4,-33.4,-39.0,-32.7,-43.2
20261008-161343-f00-nivel,2.3920,-7.3,-6.7,-20.0,-19.4,-15.8,-27.9,-17.4,-15.5,-18.3,-24.3,-37.4,-22.6,-40.7,-48.6,-35.3,-38.8
20261008-161343-f00-nivel,2.3940,-7.5,-8.0,-10.8,-20.5,-23.7,-14.3,-25.4,-12.1,-21.2,-33.5,-35.4,-19.5,-27.3,-33.4,-53.3,-35.9
20261008-161343-f00-nivel,2.3960,-4.0,-3.9,-13.3,-26.4,-23.5,-9.1,-9.2,-12.1,-23.2,-40.8,-26.2,-16.2,-23.7,-29.5,-44.3,-37.8
20261008-161343-f00-nivel,2.3980,-1.9,-2.0,-14.1,-25.2,-29.2,-9.5,-3.7,-14.8,-16.6,-21.9,-20.4,-15.0,-35.2,-29.8,-33.5,-37.9
20261008-161343-f00-nivel,2.4000,-4.5,-7.7,-14.7,-27.8,-15.3,-21.5,-1.7,-14.4,-16.4,-19.2,-27.7,-15.7,-24.5,-46.5,-33.7,-39.6
20261008-161343-f00-nivel,2.4020,-6.8,-12.5,-36.6,-27.7,-16.4,-8.3,0.0,-8.8,-30.0,-20.2,-40.2,-17.6,-26.2,-34.7,-49.0,-38.3
20261008-161343-f00-nivel,2.4040,-5.9,-7.6,-21.5,-26.0,-15.9,-9.0,-0.5,-10.8,-28.5,-25.6,-21.0,-18.4,-32.9,-26.6,-21.2,-18.9
20261008-161343-f00-nivel,2.4060,-8.8,-9.7,-16.2,-31.4,-14.6,-9.7,-5.0,-11.7,-28.6,-43.4,-23.6,-18.5,-23.9,-41.0,-15.9,-13.0
20261008-161343-f00-nivel,2.4080,-11.4,-14.0,-30.2,-19.7,-15.0,-15.4,-9.8,-13.5,-29.7,-29.9,-30.0,-19.4,-25.9,-25.4,-17.3,-13.4
20261008-161343-f00-nivel,2.4100,-9.3,-6.7,-14.5,-29.2,-25.4,-17.1,-13.1,-22.6,-32.6,-32.0,-23.7,-18.3,-32.3,-30.0,-27.3,-16.7
20261008-161343-f00-nivel,2.4120,-8.6,-5.7,-14.6,-29.4,-26.9,-38.9,-15.0,-24.7,-27.6,-24.9,-20.8,-18.0,-31.3,-32.8,-34.7,-20.1
20261008-161343-f00-nivel,2.4140,-9.3,-10.1,-16.7,-24.5,-31.0,-17.4,-11.4,-24.4,-24.0,-20.8,-25.2,-20.1,-43.2,-29.6,-17.9,-20.3
20261008-161343-f00-nivel,2.4160,-12.5,-12.3,-13.2,-21.5,-28.2,-15.4,-9.2,-21.3,-34.6,-23.8,-26.0,-20.7,-31.1,-29.8,-13.3,-13.0
20261008-161343-f00-nivel,2.4180,-14.2,-14.7,-14.7,-19.0,-21.1,-21.9,-9.0,-24.8,-30.2,-27.6,-26.5,-21.8,-29.4,-29.2,-14.8,-11.3
20261008-161343-f00-nivel,2.4200,-12.6,-12.7,-15.5,-14.5,-26.5,-13.3,-10.0,-26.0,-40.3,-26.3,-27.6,-30.3,-37.1,-34.6,-24.1,-14.9
20261008-161343-f00-nivel,2.4220,-15.5,-23.5,-8.7,-16.8,-20.8,-14.7,-12.2,-38.8,-21.9,-24.4,-32.2,-33.4,-34.4,-30.7,-31.6,-19.1
20261008-161343-f00-nivel,2.4240,-24.9,-8.8,-5.1,-20.1,-19.0,-29.3,-21.2,-16.3,-21.1,-21.6,-33.4,-30.2,-39.0,-28.5,-35.4,-18.8
20261008-161343-f00-nivel,2.4260,-14.2,-6.8,-4.3,-16.2,-14.6,-11.9,-14.1,-17.2,-33.3,-22.9,-30.5,-28.0,-33.6,-26.6,-25.0,-21.2
20261008-161343-f00-nivel,2.4280,-17.4,-13.5,-8.3,-15.0,-19.7,-6.0,-11.5,-23.3,-24.0,-23.6,-31.9,-29.8,-61.5,-29.3,-22.8,-19.4
20261008-161343-f00-nivel,2.4300,-17.6,-25.6,-14.4,-33.4,-14.1,-4.8,-13.2,-20.9,-28.4,-21.1,-32.5,-33.6,-37.1,-31.7,-28.8,-17.9
20261008-161343-f00-nivel,2.4320,-14.9,-15.1,-18.6,-17.8,-27.6,-5.2,-21.0,-22.6,-24.9,-22.4,-31.2,-41.6,-33.0,-39.7,-27.3,-17.1
20261008-161343-f00-nivel,2.4340,-13.0,-16.4,-20.8,-18.1,-10.6,-4.9,-17.7,-19.3,-26.2,-22.4,-30.8,-28.3,-29.7,-37.2,-27.5,-16.8
20261008-161343-f00-nivel,2.4360,-9.7,-9.1,-18.9,-18.1,-14.3,-5.9,-15.0,-18.6,-25.9,-20.2,-32.8,-24.7,-32.2,-36.1,-24.2,-19.4
20261008-161343-f00-nivel,2.4380,-9.3,-9.3,-8.7,-23.8,-25.0,-10.3,-12.0,-15.6,-20.8,-22.1,-28.2,-25.3,-48.7,-43.8,-22.1,-21.2
20261008-161343-f00-nivel,2.4400,-7.8,-9.8,-8.0,-20.5,-22.2,-12.9,-12.9,-16.6,-36.5,-25.4,-27.6,-26.6,-45.3,-34.1,-26.5,-21.0
20261008-161343-f00-nivel,2.4420,-6.4,-7.2,-13.4,-32.6,-18.6,-10.6,-27.4,-21.7,-37.9,-23.6,-27.4,-30.5,-35.3,-40.5,-29.5,-25.5
20261008-161343-f00-nivel,2.4440,-9.8,-8.1,-12.7,-24.0,-14.1,-6.7,-13.9,-16.1,-22.0,-25.5,-27.2,-44.5,-25.6,-31.0,-31.1,-34.5
20261008-161343-f00-nivel,2.4460,-9.5,-5.1,-7.6,-28.3,-12.2,-5.5,-11.9,-17.9,-22.4,-39.8,-20.2,-17.5,-17.8,-42.9,-37.4,-28.8
20261008-161343-f00-nivel,2.4480,-6.7,-2.3,-8.9,-24.8,-15.5,-10.3,-15.4,-23.9,-33.6,-26.5,-19.0,-10.0,-17.3,-26.9,-25.0,-22.8
20261008-161343-f00-nivel,2.4500,-8.0,-6.3,-12.8,-21.6,-17.5,-19.2,-10.0,-25.5,-25.4,-26.7,-19.3,-7.8,-19.4,-32.5,-22.3,-18.2
20261008-161343-f00-nivel,2.4520,-16.1,-10.5,-14.6,-26.4,-14.5,-8.1,-8.8,-17.2,-21.7,-22.6,-20.6,-7.1,-17.8,-44.9,-33.6,-16.2
20261008-161343-f00-nivel,2.4540,-17.4,-9.9,-10.8,-26.1,-15.1,-8.4,-11.6,-25.2,-17.7,-23.5,-17.5,-7.4,-16.4,-31.6,-27.0,-15.0
20261008-161343-f00-nivel,2.4560,-11.5,-11.3,-12.7,-25.7,-17.0,-5.0,-6.8,-25.0,-18.0,-29.5,-21.7,-9.7,-19.3,-28.5,-31.6,-14.3
20261008-161343-f00-nivel,2.4580,-12.0,-22.8,-17.7,-27.4,-18.9,-3.7,-2.4,-13.6,-22.0,-41.5,-42.2,-12.2,-22.5,-42.7,-24.9,-15.2
20261008-161343-f00-nivel,2.4600,-9.3,-12.1,-13.3,-27.4,-14.6,-11.6,-1.9,-12.3,-23.5,-39.9,-29.4,-12.9,-19.4,-31.6,-30.4,-18.1
20261008-161343-f00-nivel,2.4620,-6.5,-5.3,-14.5,-28.1,-16.5,-9.7,-2.0,-11.7,-28.6,-35.2,-29.1,-13.0,-24.4,-30.1,-35.0,-23.2
20261008-161343-f00-nivel,2.4640,-8.1,-8.0,-15.2,-21.5,-26.4,-9.8,-1.8,-16.5,-24.9,-35.4,-22.4,-13.9,-25.0,-33.1,-32.6,-24.4
20261008-161343-f00-nivel,2.4660,-13.4,-11.7,-17.6,-22.5,-24.5,-19.1,-3.6,-11.7,-30.1,-29.2,-25.9,-17.8,-20.4,-34.1,-33.1,-24.4
20261008-161343-f00-nivel,2.4680,-17.5,-9.5,-12.4,-20.5,-22.9,-13.1,-7.0,-15.3,-25.3,-27.4,-25.1,-20.8,-20.0,-32.8,-34.6,-29.5
20261008-161343-f00-nivel,2.4700,-14.5,-6.3,-10.1,-36.6,-16.0,-13.1,-11.4,-25.1,-42.2,-27.8,-26.9,-15.8,-22.6,-30.9,-30.9,-33.8
20261008-161343-f00-nivel,2.4720,-13.6,-7.4,-18.6,-17.5,-20.5,-15.8,-11.6,-14.8,-28.8,-32.4,-30.1,-14.6,-20.8,-39.9,-30.5,-31.8
20261008-161343-f00-nivel,2.4740,-16.7,-11.0,-17.0,-21.4,-25.3,-17.8,-9.3,-16.8,-25.4,-32.2,-27.1,-15.4,-24.3,-36.7,-26.4,-21.6
20261008-161343-f00-nivel,2.4760,-10.7,-8.4,-30.4,-21.7,-15.2,-10.9,-6.3,-21.4,-22.9,-28.3,-27.5,-17.2,-36.8,-31.0,-29.5,-17.9
20261008-161343-f00-nivel,2.4780,-6.0,-4.4,-13.7,-24.1,-10.4,-2.4,-5.4,-19.2,-23.5,-27.0,-27.3,-17.7,-30.2,-33.0,-32.2,-18.8
20261008-161343-f00-nivel,2.4800,-7.6,-4.8,-15.6,-23.7,-10.9,-1.4,-12.3,-19.3,-27.0,-24.3,-28.5,-16.1,-36.2,-38.4,-36.4,-20.7
20261008-161343-f00-nivel,2.4820,-13.5,-9.2,-23.2,-22.4,-17.8,-2.5,-21.4,-22.7,-29.9,-28.0,-20.8,-13.5,-24.6,-42.6,-33.7,-24.7
20261008-161343-f00-nivel,2.4840,-16.9,-11.8,-10.4,-23.2,-9.9,-2.1,-12.4,-18.5,-24.3,-33.4,-27.5,-12.3,-20.2,-36.3,-31.3,-34.9
20261008-161343-f00-nivel,2.4860,-13.5,-21.8,-8.8,-11.8,-11.7,-3.6,-9.3,-25.6,-26.7,-30.3,-23.8,-13.5,-24.2,-35.5,-37.0,-23.4
20261008-161343-f00-nivel,2.4880,-11.5,-18.0,-11.0,-16.0,-24.8,-6.7,-17.0,-28.9,-36.6,-39.2,-32.5,-14.6,-27.6,-32.2,-30.0,-21.5
20261008-161343-f00-nivel,2.4900,-9.3,-13.0,-9.8,-17.7,-25.6,-6.7,-14.4,-21.8,-27.7,-32.8,-25.7,-15.4,-23.1,-29.5,-31.6,-23.6
20261008-161343-f00-nivel,2.4920,-9.4,-18.8,-7.6,-13.6,-19.4,-6.9,-11.9,-26.9,-27.0,-28.9,-30.0,-17.3,-28.3,-32.4,-38.6,-25.9
20261008-161343-f00-nivel,2.4940,-12.6,-13.3,-5.8,-18.4,-26.5,-7.9,-19.3,-29.4,-23.1,-18.8,-25.8,-19.2,-29.2,-29.1,-27.8,-27.1
20261008-161343-f00-nivel,2.4960,-14.1,-13.6,-5.2,-13.4,-12.7,-8.6,-22.0,-33.7,-17.0,-17.1,-31.6,-20.5,-29.1,-31.8,-22.9,-42.6
20261008-161343-f00-nivel,2.4980,-12.0,-16.5,-7.5,-21.2,-13.3,-12.9,-15.7,-18.4,-17.5,-20.1,-38.2,-21.2,-25.8,-35.3,-23.6,-25.5
20261008-161343-f00-nivel,2.5000,-10.7,-10.5,-10.9,-34.7,-14.1,-15.4,-21.1,-12.3,-20.1,-23.7,-27.7,-21.6,-33.5,-33.9,-30.5,-24.4
20261008-161343-f00-nivel,2.5020,-14.3,-9.8,-14.4,-32.9,-17.4,-7.4,-12.0,-10.6,-25.2,-23.3,-35.8,-25.8,-30.0,-42.7,-34.5,-25.6
20261008-161343-f00-nivel,2.5040,-19.6,-12.6,-40.1,-19.9,-14.8,-4.1,-19.4,-8.2,-21.6,-27.6,-33.1,-25.7,-22.2,-23.4,-29.6,-24.9
20261008-161343-f00-nivel,2.5060,-17.8,-12.2,-16.4,-20.8,-10.9,-3.9,-8.7,-7.9,-15.6,-22.0,-31.0,-20.4,-14.2,-24.8,-20.2,-24.9
20261008-161343-f00-nivel,2.5080,-21.5,-11.6,-17.0,-16.2,-13.5,-6.2,-20.5,-13.8,-15.0,-23.5,-30.0,-22.5,-9.6,-17.7,-21.4,-20.7
20261008-161343-f00-nivel,2.5100,-34.8,-8.7,-8.5,-34.7,-21.3,-9.0,-15.2,-17.5,-20.7,-31.8,-31.7,-17.0,-8.0,-16.7,-45.9,-19.5
20261008-161343-f00-nivel,2.5120,-28.2,-6.1,-5.7,-25.8,-14.9,-14.6,-21.0,-11.5,-26.3,-32.8,-31.5,-18.7,-9.0,-21.0,-29.3,-19.6
20261008-161343-f00-nivel,2.5140,-17.7,-6.1,-7.0,-21.4,-14.8,-18.0,-13.5,-9.2,-21.5,-36.4,-32.2,-26.1,-12.1,-19.6,-20.5,-14.4
20261008-161343-f00-nivel,2.5160,-22.9,-10.2,-14.0,-24.8,-18.9,-11.8,-29.7,-8.2,-19.3,-34.1,-35.3,-22.5,-17.2,-18.6,-13.8,-11.3
20261008-161343-f00-nivel,2.5180,-16.9,-10.2,-18.0,-18.5,-23.1,-10.1,-16.3,-9.3,-20.1,-33.4,-33.5,-20.7,-14.2,-14.6,-18.5,-13.9
20261008-161343-f00-nivel,2.5200,-14.0,-8.4,-18.7,-19.9,-17.2,-8.5,-14.4,-9.4,-35.7,-33.7,-29.5,-15.2,-10.4,-25.9,-35.3,-21.0
20261008-161343-f00-nivel,2.5220,-13.7,-13.1,-17.4,-25.0,-36.6,-9.8,-11.6,-10.0,-20.8,-31.7,-44.0,-13.6,-11.2,-26.4,-32.8,-24.2
20261008-161343-f00-nivel,2.5240,-17.8,-17.0,-16.0,-17.7,-18.2,-10.0,-26.0,-12.8,-33.3,-28.8,-29.0,-17.4,-14.3,-36.6,-17.5,-24.1
20261008-161343-f00-nivel,2.5260,-22.2,-19.8,-12.5,-14.8,-8.3,-9.0,-17.6,-11.5,-20.2,-32.6,-28.8,-32.9,-23.3,-17.2,-12.2,-13.8
20261008-161343-f00-nivel,2.5280,-23.0,-20.2,-13.4,-19.2,-7.8,-16.2,-13.2,-9.0,-20.1,-26.1,-33.2,-23.6,-27.9,-23.3,-14.8,-12.3
20261008-161343-f00-nivel,2.5300,-19.6,-28.9,-15.5,-16.7,-8.5,-19.3,-15.5,-11.5,-18.3,-23.7,-31.4,-17.9,-17.5,-23.5,-34.3,-16.9
20261008-161343-f00-nivel,2.5320,-19.9,-16.0,-17.5,-21.8,-8.1,-10.3,-24.0,-17.7,-38.2,-24.2,-27.7,-18.7,-14.6,-24.3,-28.1,-20.3
20261008-161343-f00-nivel,2.5340,-22.4,-16.4,-20.4,-30.0,-11.2,-9.9,-25.7,-19.6,-27.3,-44.8,-24.4,-41.8,-15.7,-28.0,-20.0,-27.0
20261008-161343-f00-nivel,2.5360,-35.3,-26.4,-23.5,-18.5,-12.9,-13.0,-16.3,-19.5,-29.7,-27.4,-36.0,-27.5,-18.0,-20.5,-14.3,-17.7
20261008-161343-f00-nivel,2.5380,-19.9,-16.5,-14.4,-12.8,-9.5,-18.2,-16.9,-23.3,-26.5,-26.6,-37.4,-25.8,-16.5,-23.8,-13.6,-12.6
20261008-161343-f00-nivel,2.5400,-19.5,-12.0,-12.3,-21.9,-6.3,-12.5,-21.2,-23.5,-31.7,-30.5,-40.0,-22.2,-12.7,-16.5,-25.0,-14.4
20261008-161343-f00-nivel,2.5420,-24.0,-15.5,-15.4,-19.5,-6.3,-11.0,-17.5,-17.6,-25.8,-39.1,-29.8,-23.1,-11.9,-23.9,-22.8,-16.0
20261008-161343-f00-nivel,2.5440,-20.3,-14.7,-15.7,-19.1,-8.2,-16.7,-15.5,-30.2,-18.0,-25.5,-27.8,-22.3,-13.0,-26.6,-16.0,-13.6
20261008-161343-f00-nivel,2.5460,-21.3,-13.6,-22.9,-18.6,-11.7,-21.5,-16.8,-20.7,-11.7,-16.8,-35.2,-23.3,-13.6,-36.7,-11.3,-10.2
20261008-161343-f00-nivel,2.5480,-36.1,-17.9,-18.5,-23.7,-14.2,-19.3,-16.8,-18.1,-7.4,-15.2,-34.6,-26.8,-15.0,-20.3,-11.7,-8.8
20261008-161343-f00-nivel,2.5500,-33.3,-24.1,-17.6,-22.1,-17.2,-18.1,-16.9,-20.3,-5.4,-18.2,-31.2,-29.0,-17.4,-38.4,-20.5,-11.5
20261008-161343-f00-nivel,2.5520,-27.7,-38.0,-20.7,-26.9,-24.9,-13.3,-17.1,-11.9,-4.6,-16.8,-36.0,-27.2,-20.8,-24.3,-27.6,-16.6
20261008-161343-f00-nivel,2.5540,-22.7,-24.9,-22.8,-35.3,-14.9,-10.9,-32.5,-14.6,-5.7,-15.9,-25.2,-21.9,-19.1,-31.9,-35.0,-20.7
20261008-161343-f00-nivel,2.5560,-22.1,-23.0,-23.3,-22.3,-15.5,-11.3,-18.9,-21.7,-9.1,-17.1,-25.6,-20.5,-18.3,-22.7,-21.8,-27.4
20261008-161343-f00-nivel,2.5580,-27.2,-22.9,-21.8,-32.9,-20.6,-14.4,-11.5,-13.4,-11.0,-33.2,-35.6,-23.7,-19.2,-22.2,-17.9,-14.8
20261008-161343-f00-nivel,2.5600,-32.6,-25.6,-23.1,-20.9,-15.8,-18.0,-16.8,-8.2,-12.7,-26.5,-36.2,-20.2,-20.0,-24.5,-19.2,-11.7
20261008-161343-f00-nivel,2.5620,-48.1,-23.5,-21.4,-26.7,-17.0,-20.2,-22.4,-9.4,-21.0,-31.2,-25.6,-20.9,-39.5,-24.7,-24.7,-11.3
20261008-161343-f00-nivel,2.5640,-33.3,-23.7,-22.2,-22.2,-16.5,-12.2,-8.7,-6.9,-16.0,-19.0,-31.9,-23.4,-27.8,-30.4,-24.1,-11.4
20261008-161343-f00-nivel,2.5660,-24.0,-24.3,-22.3,-21.6,-11.9,-5.3,-12.3,-6.7,-9.2,-18.2,-30.7,-27.0,-21.8,-26.2,-22.6,-12.6
20261008-161343-f00-nivel,2.5680,-31.4,-24.6,-22.0,-30.5,-14.8,-3.7,-14.2,-13.7,-12.2,-19.9,-34.2,-36.1,-18.3,-24.7,-21.1,-17.5
20261008-161343-f00-nivel,2.5700,-33.8,-42.1,-22.7,-41.7,-15.7,-2.8,-18.0,-14.5,-14.9,-30.5,-45.9,-29.3,-17.0,-24.3,-23.7,-35.6
20261008-161343-f00-nivel,2.5720,-36.6,-22.2,-20.7,-25.8,-12.0,-2.0,-12.6,-15.0,-13.7,-25.7,-35.6,-26.8,-16.8,-34.1,-34.6,-24.1
20261008-161343-f00-nivel,2.5740,-35.3,-17.8,-18.8,-22.6,-8.6,-2.7,-11.8,-14.7,-10.8,-27.0,-29.6,-25.9,-16.8,-28.9,-50.8,-25.5
20261008-161343-f00-nivel,2.5760,-25.7,-20.0,-19.0,-23.2,-12.3,-8.0,-5.9,-7.4,-9.5,-20.3,-31.2,-22.6,-20.4,-26.0,-28.7,-29.4
20261008-161343-f00-nivel,2.5780,-22.7,-35.8,-18.2,-37.8,-16.0,-9.3,-17.8,-9.8,-14.6,-19.9,-35.6,-24.8,-31.6,-27.3,-22.6,-25.4
20261008-161343-f00-nivel,2.5800,-26.3,-24.8,-18.2,-26.4,-20.0,-8.0,-25.8,-16.9,-22.6,-22.7,-28.9,-25.0,-22.4,-37.0,-19.9,-17.8
20261008-161343-f00-nivel,2.5820,-30.7,-24.0,-16.4,-27.9,-18.0,-5.8,-12.7,-18.7,-18.5,-23.1,-30.9,-22.7,-21.2,-34.8,-22.4,-17.6
20261008-161343-f00-nivel,2.5840,-34.6,-21.2,-14.4,-25.1,-26.3,-5.2,-9.7,-15.2,-11.7,-24.8,-31.9,-26.5,-22.6,-43.0,-27.0,-24.7
20261008-161343-f00-nivel,2.5860,-13.9,-13.2,-15.4,-23.5,-13.2,-6.3,-15.5,-12.4,-11.5,-23.0,-29.1,-32.3,-22.1,-29.4,-26.5,-26.1
20261008-161343-f00-nivel,2.5880,-6.7,-14.7,-17.8,-24.7,-11.1,-9.6,-13.8,-15.5,-12.0,-28.0,-42.0,-26.0,-20.2,-28.1,-26.9,-27.5
20261008-161343-f00-nivel,2.5900,-4.8,-16.8,-19.2,-25.2,-11.9,-19.8,-14.1,-10.9,-11.4,-26.3,-31.3,-44.8,-20.4,-31.2,-31.0,-31.4
20261008-161343-f00-nivel,2.5920,-3.3,-15.6,-24.9,-33.2,-15.3,-8.5,-14.0,-10.6,-13.5,-37.8,-33.9,-29.9,-21.2,-42.4,-38.7,-25.6
20261008-161343-f00-nivel,2.5940,-3.3,-10.9,-26.2,-18.6,-11.3,-6.1,-19.9,-11.7,-15.7,-28.2,-52.3,-34.7,-19.6,-24.3,-27.6,-29.0
20261008-161343-f00-nivel,2.5960,-7.4,-15.8,-24.8,-10.7,-13.6,-5.6,-10.0,-9.1,-11.9,-21.9,-31.4,-24.6,-18.0,-21.7,-31.0,-31.6
20261008-161343-f00-nivel,2.5980,-19.1,-18.0,-12.3,-6.5,-13.4,-7.1,-16.3,-8.2,-11.1,-24.4,-30.4,-28.5,-20.1,-33.2,-33.4,-29.2
20261008-161343-f00-nivel,2.6000,-17.4,-27.4,-11.8,-6.8,-21.2,-11.0,-13.9,-9.1,-22.4,-22.6,-41.5,-33.8,-22.6,-48.4,-31.6,-29.6
20261008-161343-f00-nivel,2.6020,-9.3,-11.3,-26.3,-9.7,-13.5,-13.3,-15.6,-9.1,-18.0,-30.7,-31.7,-26.3,-22.3,-31.3,-36.2,-34.2
20261008-161343-f00-nivel,2.6040,-5.4,-11.9,-19.8,-11.3,-32.7,-13.0,-33.2,-10.2,-20.7,-31.7,-25.1,-38.3,-26.4,-25.7,-27.8,-24.1
20261008-161343-f00-nivel,2.6060,-5.6,-20.8,-18.8,-17.0,-14.0,-14.6,-19.3,-10.5,-20.3,-20.8,-17.5,-16.5,-23.3,-31.3,-21.8,-16.1
20261008-161343-f00-nivel,2.6080,-6.1,-16.6,-17.9,-15.9,-29.2,-11.6,-17.5,-12.0,-15.5,-25.6,-18.4,-10.3,-21.1,-31.2,-22.6,-14.2
20261008-161343-f00-nivel,2.6100,-6.1,-13.8,-16.6,-14.7,-14.8,-10.0,-25.7,-21.2,-18.7,-31.7,-20.5,-8.4,-17.9,-29.5,-28.5,-15.9
20261008-161343-f00-nivel,2.6120,-7.7,-17.2,-17.3,-14.6,-14.9,-12.6,-16.6,-24.1,-26.0,-23.6,-21.0,-8.2,-18.6,-38.0,-25.6,-20.3
20261008-161343-f00-nivel,2.6140,-9.1,-19.9,-24.4,-12.7,-18.1,-23.2,-18.7,-22.1,-23.0,-25.8,-19.7,-9.3,-18.9,-21.1,-26.3,-22.7
20261008-161343-f00-nivel,2.6160,-10.8,-16.6,-18.6,-16.0,-19.6,-32.5,-18.3,-18.3,-20.4,-29.6,-23.9,-12.2,-17.7,-17.8,-11.2,-15.9
20261008-161343-f00-nivel,2.6180,-16.1,-51.3,-29.6,-14.0,-15.0,-20.7,-17.0,-15.8,-25.4,-33.2,-29.4,-14.1,-30.6,-14.9,-5.0,-10.7
20261008-161343-f00-nivel,2.6200,-33.6,-19.1,-22.1,-12.9,-15.3,-16.8,-15.6,-15.9,-23.2,-33.1,-26.9,-13.0,-19.4,-14.2,-3.5,-12.8
20261008-161343-f00-nivel,2.6220,-21.0,-17.2,-24.5,-14.4,-45.8,-15.5,-20.5,-17.8,-21.7,-30.6,-27.5,-12.0,-24.4,-15.9,-3.6,-22.0
20261008-161343-f00-nivel,2.6240,-13.8,-23.2,-17.3,-15.5,-31.8,-17.2,-21.9,-21.0,-44.3,-27.5,-17.8,-13.9,-19.2,-13.1,-4.4,-12.4
20261008-161343-f00-nivel,2.6260,-12.8,-17.7,-24.3,-19.1,-23.3,-20.3,-25.6,-21.6,-20.8,-18.0,-14.1,-22.5,-24.2,-17.2,-7.9,-13.8
20261008-161343-f00-nivel,2.6280,-15.7,-23.9,-29.8,-40.7,-21.9,-20.2,-34.3,-19.2,-25.8,-26.1,-12.2,-14.1,-23.4,-20.5,-12.4,-16.7
20261008-161343-f00-nivel,2.6300,-19.1,-40.6,-28.1,-24.8,-20.5,-18.5,-25.7,-15.2,-21.5,-25.0,-11.9,-16.2,-15.7,-18.7,-10.2,-15.5
20261008-161343-f00-nivel,2.6320,-21.8,-28.6,-30.5,-21.6,-24.0,-18.6,-23.3,-11.1,-18.1,-21.0,-10.6,-15.7,-18.5,-26.8,-10.4,-17.9
20261008-161343-f00-nivel,2.6340,-24.7,-20.7,-27.5,-21.8,-18.2,-16.7,-18.8,-10.6,-17.5,-17.4,-10.9,-12.7,-30.4,-15.1,-13.7,-17.9
20261008-161343-f00-nivel,2.6360,-15.9,-17.3,-30.3,-21.5,-31.6,-14.1,-23.1,-15.4,-15.1,-26.4,-17.7,-14.5,-29.6,-12.7,-8.7,-16.3
20261008-161343-f00-nivel,2.6380,-15.2,-21.3,-25.3,-20.5,-33.0,-13.0,-18.0,-24.7,-19.7,-20.4,-17.5,-14.2,-19.2,-14.6,-5.4,-15.7
20261008-161343-f00-nivel,2.6400,-19.5,-31.5,-31.5,-19.8,-15.4,-12.3,-21.0,-21.4,-23.7,-28.9,-14.7,-14.7,-23.9,-14.9,-4.7,-26.0
20261008-161343-f00-nivel,2.6420,-22.3,-33.7,-40.8,-20.0,-13.9,-13.4,-20.3,-22.8,-23.3,-27.2,-19.6,-18.3,-25.9,-17.3,-4.0,-12.4
20261008-161343-f00-nivel,2.6440,-22.0,-37.5,-21.6,-14.5,-31.1,-18.2,-18.1,-27.3,-20.2,-23.7,-16.8,-16.0,-25.5,-17.7,-4.6,-10.0
20261008-161343-f00-nivel,2.6460,-17.6,-26.7,-13.6,-8.4,-16.7,-15.6,-20.3,-28.6,-24.3,-26.3,-14.7,-12.7,-25.8,-23.8,-7.4,-13.4
20261008-161343-f00-nivel,2.6480,-14.3,-19.5,-10.1,-4.7,-18.9,-13.7,-33.3,-26.9,-35.0,-25.9,-21.9,-12.7,-16.4,-23.7,-9.0,-12.6
20261008-161343-f00-nivel,2.6500,-14.5,-21.6,-12.3,-4.4,-16.6,-15.2,-16.0,-16.1,-21.4,-35.4,-23.6,-14.0,-19.7,-20.9,-9.8,-15.4
20261008-161343-f00-nivel,2.6520,-14.6,-26.0,-32.8,-5.0,-15.3,-16.0,-20.4,-12.2,-23.3,-26.0,-20.7,-16.3,-26.1,-23.5,-12.9,-25.9
20261008-161343-f00-nivel,2.6540,-12.7,-20.4,-13.6,-6.0,-12.5,-21.3,-28.8,-12.2,-17.6,-27.0,-25.1,-20.5,-24.5,-22.0,-14.2,-27.1
20261008-161343-f00-nivel,2.6560,-14.6,-13.7,-18.3,-10.1,-13.6,-21.8,-23.1,-13.6,-19.6,-33.6,-24.6,-18.9,-44.9,-22.8,-16.2,-14.5
20261008-161343-f00-nivel,2.6580,-19.5,-17.7,-32.7,-13.6,-16.1,-25.4,-19.2,-19.7,-27.2,-29.6,-33.6,-18.0,-21.4,-20.0,-19.6,-12.4
20261008-161343-f00-nivel,2.6600,-21.7,-33.7,-18.7,-16.0,-26.6,-27.4,-19.7,-19.5,-31.0,-26.6,-30.7,-20.4,-22.6,-25.0,-15.3,-13.7
20261008-161343-f00-nivel,2.6620,-24.7,-26.3,-19.2,-23.0,-25.3,-29.6,-21.7,-17.2,-21.6,-26.9,-50.7,-26.4,-29.0,-29.5,-22.2,-19.5
20261008-161343-f00-nivel,2.6640,-25.0,-27.9,-32.1,-16.5,-22.6,-35.9,-30.8,-20.7,-29.8,-28.2,-32.4,-40.3,-25.2,-22.5,-26.0,-32.1
20261008-161343-f00-nivel,2.6660,-21.4,-27.8,-19.7,-12.4,-21.5,-29.7,-28.8,-26.4,-28.5,-34.8,-26.8,-27.6,-24.0,-22.0,-23.7,-19.4
20261008-161343-f00-nivel,2.6680,-17.9,-19.6,-16.7,-12.2,-27.9,-26.2,-26.7,-25.6,-22.0,-27.6,-30.0,-31.3,-25.9,-14.0,-11.0,-10.7
20261008-161343-f00-nivel,2.6700,-15.3,-24.8,-25.5,-14.2,-22.9,-26.2,-23.7,-17.3,-22.2,-22.8,-26.0,-28.7,-30.5,-11.9,-4.2,-9.3
20261008-161343-f00-nivel,2.6720,-14.4,-26.6,-25.1,-15.2,-24.0,-23.6,-28.7,-16.1,-27.8,-26.8,-21.9,-23.5,-23.2,-16.8,-2.9,-15.3
20261008-161343-f00-nivel,2.6740,-13.3,-19.5,-20.9,-15.7,-24.9,-18.0,-30.1,-16.9,-36.3,-31.8,-25.2,-18.6,-27.2,-10.5,-3.6,-19.6
20261008-161343-f00-nivel,2.6760,-13.6,-19.5,-24.5,-16.9,-15.4,-16.0,-20.6,-15.2,-23.5,-25.9,-24.3,-13.5,-12.3,-13.3,-6.2,-12.2
20261008-161343-f00-nivel,2.6780,-18.4,-21.1,-33.2,-21.4,-14.4,-23.6,-24.3,-15.8,-19.2,-36.1,-31.3,-14.4,-8.7,-15.3,-15.0,-18.4
20261008-161343-f00-nivel,2.6800,-24.9,-26.1,-26.8,-24.2,-16.4,-25.8,-28.9,-22.4,-22.8,-35.1,-21.9,-26.1,-8.1,-12.7,-16.9,-20.8
20261008-161343-f00-nivel,2.6820,-20.5,-19.3,-43.3,-20.6,-22.2,-19.0,-25.7,-24.9,-25.3,-37.1,-24.9,-14.1,-8.2,-23.6,-10.7,-13.8
20261008-161343-f00-nivel,2.6840,-16.3,-17.2,-27.4,-19.7,-14.9,-16.6,-26.1,-21.7,-23.0,-33.7,-28.3,-14.3,-12.2,-16.2,-10.9,-13.6
20261008-161343-f00-nivel,2.6860,-16.6,-23.5,-23.9,-19.3,-9.2,-15.5,-25.2,-24.4,-25.5,-25.9,-23.8,-14.9,-25.6,-20.9,-14.2,-24.6
20261008-161343-f00-nivel,2.6880,-17.0,-22.4,-31.8,-29.2,-7.7,-16.0,-25.9,-23.2,-24.8,-27.8,-25.8,-19.1,-13.4,-14.7,-18.7,-25.9
20261008-161343-f00-nivel,2.6900,-18.5,-20.1,-23.5,-14.1,-7.3,-20.6,-20.9,-18.0,-18.4,-26.8,-28.3,-21.9,-11.2,-19.5,-22.5,-27.3
20261008-161343-f00-nivel,2.6920,-22.6,-29.4,-36.3,-16.4,-7.7,-18.0,-25.9,-16.0,-18.0,-28.1,-37.6,-15.2,-11.9,-23.4,-19.5,-27.8
20261008-161343-f00-nivel,2.6940,-23.9,-33.3,-25.6,-20.6,-10.8,-8.7,-18.9,-20.1,-25.4,-35.3,-29.0,-17.6,-13.1,-19.5,-17.6,-22.4
20261008-161343-f00-nivel,2.6960,-22.8,-22.0,-17.0,-14.1,-9.1,-5.1,-12.2,-16.3,-19.2,-21.6,-22.8,-30.1,-17.5,-24.8,-16.3,-21.4
20261008-161343-f00-nivel,2.6980,-27.8,-20.5,-16.6,-11.6,-13.3,-6.8,-14.8,-15.6,-17.8,-27.1,-17.4,-17.9,-29.5,-22.0,-16.7,-28.0
20261008-161343-f00-nivel,2.7000,-24.4,-28.2,-20.2,-11.9,-9.8,-4.8,-18.2,-29.7,-22.1,-27.3,-18.8,-20.2,-20.6,-21.2,-19.4,-20.6
20261008-161343-f00-nivel,2.7020,-26.5,-32.6,-23.9,-8.5,-2.7,-1.0,-14.4,-41.8,-25.7,-31.9,-20.3,-19.3,-14.8,-19.0,-23.7,-18.0
20261008-161343-f00-nivel,2.7040,-20.3,-25.5,-21.1,-11.0,-5.0,-1.8,-11.8,-34.7,-22.4,-20.7,-20.3,-25.2,-14.3,-26.7,-16.4,-15.8
20261008-161343-f00-nivel,2.7060,-16.3,-22.5,-18.9,-14.0,-11.4,-8.5,-14.5,-27.6,-18.7,-13.0,-15.7,-21.9,-14.9,-19.3,-20.5,-16.9
20261008-161343-f00-nivel,2.7080,-15.6,-31.0,-22.4,-12.9,-18.0,-14.2,-22.1,-21.1,-18.0,-9.5,-21.2,-25.9,-14.8,-20.4,-23.0,-18.0
20261008-161343-f00-nivel,2.7100,-15.4,-24.9,-25.9,-21.1,-24.7,-12.7,-15.0,-23.3,-17.7,-9.3,-33.0,-23.6,-13.0,-17.2,-26.7,-18.4
20261008-161343-f00-nivel,2.7120,-15.2,-26.6,-27.5,-21.6,-19.3,-11.4,-19.2,-25.2,-22.1,-8.3,-16.8,-31.8,-12.2,-24.2,-38.3,-21.9
20261008-161343-f00-nivel,2.7140,-16.3,-25.9,-26.8,-14.9,-35.4,-9.8,-23.7,-21.8,-16.2,-9.4,-14.5,-18.5,-12.4,-23.8,-21.0,-18.6
20261008-161343-f00-nivel,2.7160,-19.6,-26.9,-22.3,-13.0,-14.1,-9.7,-14.5,-22.4,-19.8,-14.2,-21.9,-24.8,-12.7,-32.7,-15.7,-16.1
20261008-161343-f00-nivel,2.7180,-22.3,-27.9,-20.0,-14.2,-16.7,-16.4,-16.8,-22.4,-27.3,-15.9,-18.7,-24.8,-14.8,-19.8,-15.6,-22.5
20261008-161343-f00-nivel,2.7200,-21.1,-21.1,-25.0,-16.0,-10.9,-14.2,-19.0,-27.6,-22.6,-14.7,-16.9,-21.2,-16.1,-25.1,-16.5,-28.4
20261008-161343-f00-nivel,2.7220,-21.8,-26.1,-24.2,-15.1,-13.9,-8.2,-21.7,-31.6,-28.5,-15.3,-33.4,-18.2,-18.6,-26.1,-14.3,-18.6
20261008-161343-f00-nivel,2.7240,-27.7,-32.3,-25.2,-26.4,-17.7,-5.2,-18.1,-23.3,-25.0,-15.4,-27.2,-21.9,-23.4,-18.9,-11.0,-18.8
20261008-161343-f00-nivel,2.7260,-33.6,-37.4,-30.3,-18.2,-7.2,-2.2,-13.3,-21.3,-23.0,-16.2,-22.8,-26.6,-17.0,-24.4,-9.3,-9.9
20261008-161343-f00-nivel,2.7280,-27.1,-28.1,-25.9,-23.6,-4.8,-3.0,-16.6,-22.6,-24.6,-21.2,-27.0,-29.4,-18.3,-19.9,-10.9,-7.9
20261008-161343-f00-nivel,2.7300,-29.6,-28.6,-21.9,-19.4,-9.5,-8.4,-20.2,-27.4,-32.3,-34.2,-26.7,-22.6,-23.0,-22.9,-26.8,-10.4
20261008-164718-f00-nivel-10cm,2.2300,-26.2,-37.5,-35.1,-30.5,-31.8,-30.8,-13.2,-14.7,-12.4,-7.7,-15.3,-26.8,-41.2,-37.5,-23.3,-23.3
20261008-164718-f00-nivel-10cm,2.2320,-28.5,-40.4,-30.8,-33.3,-38.4,-13.4,-5.2,-7.2,-12.6,-13.8,-21.1,-25.3,-41.5,-38.0,-27.7,-26.4
20261008-164718-f00-nivel-10cm,2.2340,-30.1,-30.8,-38.6,-36.9,-33.1,-11.2,-1.4,-10.9,-20.6,-22.7,-25.7,-29.9,-46.1,-45.0,-30.0,-25.7
20261008-164718-f00-nivel-10cm,2.2360,-30.4,-31.4,-37.4,-36.5,-28.0,-14.7,-0.8,-14.2,-32.3,-20.9,-28.7,-35.9,-47.9,-45.5,-31.3,-22.5
20261008-164718-f00-nivel-10cm,2.2380,-28.4,-50.7,-50.9,-28.6,-25.9,-11.3,-0.6,-11.5,-34.0,-23.3,-39.5,-47.9,-51.7,-39.9,-37.7,-22.5
20261008-164718-f00-nivel-10cm,2.2400,-25.8,-30.8,-35.0,-26.1,-23.9,-13.0,-2.1,-8.3,-20.3,-20.1,-17.0,-19.2,-23.1,-27.0,-33.9,-22.2
20261008-164718-f00-nivel-10cm,2.2420,-23.9,-29.7,-37.4,-27.7,-30.8,-15.9,-7.5,-11.1,-17.6,-17.2,-14.0,-10.4,-15.2,-27.7,-35.2,-21.6
20261008-164718-f00-nivel-10cm,2.2440,-25.2,-38.8,-35.5,-22.7,-20.3,-18.3,-19.8,-24.1,-28.6,-24.7,-23.5,-8.4,-16.7,-32.8,-32.7,-22.0
20261008-164718-f00-nivel-10cm,2.2460,-27.2,-38.7,-42.5,-23.4,-16.1,-14.9,-29.1,-31.4,-29.5,-34.7,-24.0,-9.2,-22.2,-37.2,-33.1,-21.3
20261008-164718-f00-nivel-10cm,2.2480,-27.0,-31.4,-40.5,-31.1,-18.9,-16.0,-25.7,-26.3,-34.9,-40.4,-18.9,-9.7,-24.0,-32.2,-25.8,-20.4
20261008-164718-f00-nivel-10cm,2.2500,-25.3,-31.7,-36.2,-34.1,-28.8,-22.7,-27.0,-23.6,-24.7,-22.0,-13.4,-14.0,-16.9,-29.6,-27.2,-22.1
20261008-164718-f00-nivel-10cm,2.2520,-24.2,-39.0,-33.2,-30.9,-29.6,-22.7,-29.1,-23.8,-22.9,-17.4,-9.6,-21.7,-18.0,-25.5,-33.8,-24.7
20261008-164718-f00-nivel-10cm,2.2540,-23.8,-31.8,-32.6,-30.0,-25.7,-17.3,-20.5,-42.3,-32.5,-21.5,-8.2,-19.5,-21.5,-41.0,-27.3,-25.5
20261008-164718-f00-nivel-10cm,2.2560,-22.7,-35.3,-39.5,-25.5,-21.9,-16.7,-24.2,-26.1,-31.8,-19.7,-8.3,-17.4,-24.7,-48.6,-28.6,-29.0
20261008-164718-f00-nivel-10cm,2.2580,-21.7,-29.7,-31.7,-27.0,-20.1,-24.4,-28.0,-25.0,-41.0,-18.9,-9.5,-23.5,-26.3,-36.7,-32.3,-36.7
20261008-164718-f00-nivel-10cm,2.2600,-21.0,-27.7,-30.6,-34.9,-23.6,-33.9,-32.3,-20.5,-23.7,-17.4,-12.3,-21.2,-30.4,-28.5,-28.2,-29.0
20261008-164718-f00-nivel-10cm,2.2620,-21.8,-27.1,-36.6,-29.2,-29.4,-27.8,-30.0,-20.7,-18.5,-21.5,-18.3,-20.2,-32.0,-20.8,-15.2,-20.9
20261008-164718-f00-nivel-10cm,2.2640,-26.6,-42.8,-33.6,-31.1,-41.2,-25.1,-24.9,-21.8,-23.9,-32.9,-24.3,-27.7,-31.3,-19.4,-9.6,-18.2
20261008-164718-f00-nivel-10cm,2.2660,-36.7,-38.0,-34.1,-29.8,-32.7,-24.7,-18.4,-24.0,-27.5,-25.6,-23.7,-31.5,-40.9,-19.7,-7.5,-17.6
20261008-164718-f00-nivel-10cm,2.2680,-47.8,-50.4,-40.1,-35.4,-29.0,-48.7,-17.5,-39.8,-34.9,-25.4,-24.0,-33.0,-45.0,-19.5,-6.9,-18.4
20261008-164718-f00-nivel-10cm,2.2700,-50.8,-54.7,-45.3,-47.5,-31.0,-28.9,-14.7,-15.2,-19.7,-21.3,-38.5,-26.0,-23.5,-15.2,-8.1,-18.1
20261008-164718-f00-nivel-10cm,2.2720,-38.3,-43.7,-40.9,-38.1,-26.9,-21.6,-17.2,-10.7,-8.1,-13.4,-30.4,-27.6,-20.3,-19.3,-12.2,-20.5
20261008-164718-f00-nivel-10cm,2.2740,-30.8,-36.6,-44.3,-32.9,-26.6,-25.2,-36.2,-16.1,-4.1,-13.1,-27.2,-26.1,-28.8,-37.7,-18.3,-24.2
20261008-164718-f00-nivel-10cm,2.2760,-29.8,-36.9,-56.4,-38.1,-35.1,-47.2,-26.9,-15.8,-3.5,-16.6,-25.0,-25.9,-30.2,-38.8,-21.5,-34.1
20261008-164718-f00-nivel-10cm,2.2780,-30.7,-35.9,-42.1,-42.3,-29.3,-31.0,-23.4,-16.9,-3.4,-13.4,-28.5,-28.4,-35.1,-31.5,-23.1,-27.7
20261008-164718-f00-nivel-10cm,2.2800,-25.3,-26.2,-29.0,-25.7,-16.6,-18.2,-15.8,-11.7,-5.7,-12.0,-23.1,-29.4,-39.2,-29.7,-30.4,-25.1
20261008-164718-f00-nivel-10cm,2.2820,-23.8,-25.0,-30.2,-27.1,-11.4,-6.7,-11.6,-17.4,-13.4,-15.6,-17.1,-26.3,-31.0,-35.1,-30.2,-26.6
20261008-164718-f00-nivel-10cm,2.2840,-30.1,-33.9,-43.9,-29.2,-11.9,-2.7,-15.1,-23.6,-31.7,-29.9,-18.2,-21.0,-27.4,-29.8,-24.7,-36.4
20261008-164718-f00-nivel-10cm,2.2860,-37.3,-52.8,-37.9,-31.8,-12.1,-1.5,-14.8,-27.6,-28.3,-24.8,-25.3,-23.1,-27.1,-31.9,-22.4,-30.2
20261008-164718-f00-nivel-10cm,2.2880,-32.6,-41.0,-33.1,-24.8,-12.5,-1.2,-12.9,-39.1,-31.1,-33.3,-31.0,-24.8,-27.8,-35.1,-21.0,-29.7
20261008-164718-f00-nivel-10cm,2.2900,-29.0,-43.3,-35.9,-33.7,-11.1,-2.4,-11.5,-16.2,-18.4,-18.0,-22.5,-37.3,-29.8,-36.3,-21.2,-29.2
20261008-164718-f00-nivel-10cm,2.2920,-28.5,-31.8,-47.1,-40.0,-14.0,-7.1,-12.0,-15.8,-10.7,-8.2,-13.8,-27.1,-48.8,-29.5,-22.9,-34.6
20261008-164718-f00-nivel-10cm,2.2940,-31.5,-34.7,-40.3,-39.4,-18.2,-16.0,-23.0,-23.4,-15.2,-5.0,-14.8,-22.6,-28.7,-36.1,-25.1,-36.6
20261008-164718-f00-nivel-10cm,2.2960,-41.6,-46.5,-42.5,-42.8,-21.8,-17.9,-25.3,-25.8,-19.6,-5.2,-17.0,-24.9,-30.5,-33.8,-25.6,-34.1
20261008-164718-f00-nivel-10cm,2.2980,-43.4,-41.2,-38.7,-31.9,-29.7,-20.4,-34.5,-26.8,-18.1,-5.1,-17.5,-24.3,-32.1,-34.4,-26.1,-40.2
20261008-164718-f00-nivel-10cm,2.3000,-31.5,-31.2,-40.5,-31.6,-33.1,-24.0,-21.3,-23.9,-17.4,-5.5,-11.7,-29.1,-26.5,-30.0,-28.9,-44.0
20261008-164718-f00-nivel-10cm,2.3020,-29.1,-29.9,-37.0,-30.0,-37.9,-26.6,-14.1,-9.1,-8.9,-11.4,-14.8,-22.2,-25.9,-30.2,-32.2,-32.1
20261008-164718-f00-nivel-10cm,2.3040,-34.1,-35.2,-43.9,-30.3,-37.7,-22.8,-10.2,-3.3,-11.7,-26.6,-33.3,-30.2,-34.8,-34.2,-29.9,-27.6
20261008-164718-f00-nivel-10cm,2.3060,-48.3,-39.4,-38.7,-37.8,-24.8,-20.4,-12.9,-2.7,-16.2,-21.5,-29.7,-30.2,-39.5,-41.0,-33.4,-30.1
20261008-164718-f00-nivel-10cm,2.3080,-46.3,-42.0,-36.7,-36.2,-27.7,-21.0,-18.6,-3.9,-14.7,-21.8,-22.7,-26.8,-32.0,-48.6,-32.1,-38.4
20261008-164718-f00-nivel-10cm,2.3100,-30.4,-23.2,-20.6,-23.4,-20.8,-14.3,-11.8,-6.1,-15.2,-19.9,-29.7,-29.4,-34.9,-35.7,-28.8,-39.6
20261008-164718-f00-nivel-10cm,2.3120,-29.9,-16.2,-11.8,-16.5,-20.8,-13.9,-9.1,-14.0,-18.3,-19.0,-26.7,-37.6,-37.1,-39.4,-25.1,-34.0
20261008-164718-f00-nivel-10cm,2.3140,-34.0,-17.8,-9.4,-21.4,-30.9,-22.8,-15.7,-22.0,-18.9,-19.0,-24.7,-35.4,-31.6,-30.1,-23.0,-38.2
20261008-164718-f00-nivel-10cm,2.3160,-42.0,-24.0,-10.5,-22.9,-26.2,-35.0,-23.8,-20.2,-22.5,-24.1,-23.7,-29.2,-29.6,-29.4,-21.6,-34.6
20261008-164718-f00-nivel-10cm,2.3180,-44.6,-25.0,-11.5,-23.4,-21.6,-26.0,-33.3,-22.1,-26.8,-28.6,-33.0,-22.2,-30.2,-29.3,-22.5,-29.6
20261008-164718-f00-nivel-10cm,2.3200,-24.8,-18.4,-15.7,-17.3,-23.4,-21.3,-20.3,-20.5,-34.6,-22.3,-22.5,-23.5,-23.2,-23.9,-19.7,-33.3
20261008-164718-f00-nivel-10cm,2.3220,-22.7,-18.4,-27.3,-21.7,-25.2,-21.3,-23.1,-20.7,-49.6,-20.7,-24.6,-21.5,-15.6,-11.7,-15.2,-25.4
20261008-164718-f00-nivel-10cm,2.3240,-27.5,-30.9,-21.5,-27.1,-22.9,-19.2,-26.7,-20.8,-31.2,-22.0,-21.7,-20.6,-18.2,-8.6,-18.5,-28.3
20261008-164718-f00-nivel-10cm,2.3260,-33.6,-32.2,-23.1,-27.4,-24.3,-16.6,-24.5,-20.9,-25.4,-21.1,-30.1,-25.4,-21.1,-8.8,-24.0,-39.6
20261008-164718-f00-nivel-10cm,2.3280,-38.5,-39.8,-24.6,-30.5,-32.1,-18.3,-24.1,-22.9,-30.1,-21.0,-28.7,-28.4,-19.4,-9.0,-20.7,-35.0
20261008-164718-f00-nivel-10cm,2.3300,-34.8,-32.2,-25.4,-29.8,-53.7,-19.9,-25.1,-21.9,-24.3,-15.8,-21.0,-25.0,-15.2,-11.1,-22.8,-32.0
20261008-164718-f00-nivel-10cm,2.3320,-32.5,-25.9,-31.3,-31.5,-27.6,-18.3,-29.8,-21.6,-14.8,-9.0,-15.0,-22.2,-15.2,-16.7,-27.8,-31.9
20261008-164718-f00-nivel-10cm,2.3340,-37.1,-24.2,-20.9,-23.6,-23.7,-18.6,-25.7,-26.0,-18.0,-6.2,-16.8,-23.6,-25.7,-21.2,-32.6,-32.1
20261008-164718-f00-nivel-10cm,2.3360,-36.7,-26.1,-18.1,-26.9,-33.9,-21.9,-30.4,-41.4,-16.1,-5.6,-20.5,-23.2,-22.9,-21.9,-38.2,-32.7
20261008-164718-f00-nivel-10cm,2.3380,-34.4,-44.1,-20.0,-24.8,-29.5,-25.4,-38.2,-26.4,-19.4,-5.2,-15.1,-31.5,-30.8,-23.1,-29.8,-38.9
20261008-164718-f00-nivel-10cm,2.3400,-32.7,-21.9,-21.4,-19.5,-22.4,-21.6,-20.3,-16.9,-12.7,-7.2,-13.8,-30.8,-36.5,-26.0,-34.0,-38.8
20261008-164718-f00-nivel-10cm,2.3420,-34.6,-20.4,-18.4,-12.9,-19.3,-21.3,-17.8,-14.4,-16.6,-12.9,-20.2,-27.5,-28.4,-30.7,-31.3,-34.8
20261008-164718-f00-nivel-10cm,2.3440,-32.4,-22.1,-19.6,-9.0,-22.2,-28.7,-29.9,-21.1,-22.9,-17.2,-22.8,-27.1,-26.4,-30.9,-30.9,-31.7
20261008-164718-f00-nivel-10cm,2.3460,-31.3,-32.8,-14.1,-8.3,-19.5,-27.6,-32.4,-30.2,-31.3,-18.3,-20.2,-26.9,-30.0,-25.0,-25.9,-32.6
20261008-164718-f00-nivel-10cm,2.3480,-34.1,-39.0,-18.4,-10.0,-27.2,-22.2,-25.0,-21.3,-22.1,-19.9,-29.7,-32.8,-34.7,-30.3,-26.4,-42.3
20261008-164718-f00-nivel-10cm,2.3500,-28.6,-30.6,-26.8,-12.4,-13.2,-15.4,-15.0,-24.7,-15.9,-31.2,-37.6,-32.2,-32.5,-25.8,-25.3,-36.2
20261008-164718-f00-nivel-10cm,2.3520,-28.0,-30.9,-19.2,-13.9,-18.3,-12.6,-8.2,-8.5,-11.1,-23.4,-24.4,-29.9,-32.6,-27.9,-25.1,-40.0
20261008-164718-f00-nivel-10cm,2.3540,-33.3,-26.4,-19.8,-19.8,-23.2,-19.4,-11.5,-3.7,-12.9,-18.1,-20.4,-29.6,-39.0,-35.8,-25.8,-35.5
20261008-164718-f00-nivel-10cm,2.3560,-41.8,-32.0,-31.3,-27.4,-26.5,-30.0,-16.4,-3.6,-20.5,-25.6,-22.6,-30.0,-30.3,-27.8,-23.5,-32.1
20261008-164718-f00-nivel-10cm,2.3580,-42.3,-40.1,-30.6,-27.5,-31.7,-29.1,-15.5,-3.6,-14.9,-27.7,-27.4,-25.5,-32.5,-26.8,-25.1,-35.1
20261008-164718-f00-nivel-10cm,2.3600,-28.4,-26.6,-31.5,-28.8,-19.7,-18.0,-13.1,-5.7,-9.5,-21.9,-30.6,-24.0,-30.4,-30.1,-27.3,-37.7
20261008-164718-f00-nivel-10cm,2.3620,-26.1,-22.7,-26.3,-19.3,-10.3,-13.1,-19.2,-14.4,-11.7,-15.5,-29.2,-23.1,-30.9,-30.6,-29.2,-36.2
20261008-164718-f00-nivel-10cm,2.3640,-33.0,-26.3,-23.5,-15.2,-7.5,-13.5,-29.7,-32.7,-24.1,-16.2,-21.3,-25.6,-31.9,-31.1,-38.9,-44.0
20261008-164718-f00-nivel-10cm,2.3660,-55.7,-34.1,-33.9,-24.5,-9.3,-16.3,-34.3,-27.2,-27.3,-18.4,-22.8,-30.5,-33.1,-29.4,-34.6,-40.3
20261008-164718-f00-nivel-10cm,2.3680,-41.6,-35.5,-25.3,-18.8,-10.9,-30.8,-27.2,-33.0,-30.6,-21.2,-30.1,-29.5,-37.9,-26.0,-27.6,-39.4
20261008-164718-f00-nivel-10cm,2.3700,-19.8,-18.8,-23.3,-19.4,-12.9,-14.8,-24.4,-21.4,-22.1,-28.9,-32.3,-33.1,-37.7,-23.6,-28.3,-40.0
20261008-164718-f00-nivel-10cm,2.3720,-13.2,-9.3,-16.1,-25.0,-15.9,-11.5,-18.1,-17.1,-25.6,-30.4,-30.5,-35.4,-41.3,-24.2,-31.7,-38.3
20261008-164718-f00-nivel-10cm,2.3740,-15.9,-5.4,-14.2,-28.2,-13.8,-14.8,-28.7,-17.6,-32.9,-26.8,-31.4,-33.5,-38.1,-25.5,-33.3,-33.3
20261008-164718-f00-nivel-10cm,2.3760,-18.0,-4.8,-17.7,-28.6,-18.1,-17.2,-29.3,-19.0,-24.6,-34.5,-43.4,-37.2,-45.3,-26.7,-27.9,-34.1
20261008-164718-f00-nivel-10cm,2.3780,-16.5,-4.7,-15.6,-23.3,-21.9,-20.7,-24.2,-22.1,-30.5,-34.0,-36.9,-39.4,-40.3,-29.2,-35.9,-35.8
20261008-164718-f00-nivel-10cm,2.3800,-13.1,-6.5,-13.9,-26.4,-20.9,-27.5,-28.7,-27.3,-27.7,-19.5,-21.0,-20.9,-24.8,-31.6,-33.3,-34.6
20261008-164718-f00-nivel-10cm,2.3820,-15.8,-12.7,-17.6,-21.5,-29.9,-33.2,-23.9,-28.9,-30.0,-15.6,-10.4,-15.0,-24.1,-28.8,-30.8,-35.9
20261008-164718-f00-nivel-10cm,2.3840,-37.1,-20.2,-32.3,-17.1,-21.3,-25.5,-21.7,-27.9,-36.6,-16.9,-7.6,-17.4,-32.0,-45.0,-33.1,-45.9
20261008-164718-f00-nivel-10cm,2.3860,-26.2,-16.7,-21.8,-17.9,-24.8,-25.3,-25.8,-25.1,-35.3,-23.5,-8.3,-20.6,-36.8,-32.1,-38.4,-41.7
20261008-164718-f00-nivel-10cm,2.3880,-22.2,-13.1,-20.7,-21.3,-25.1,-27.8,-37.4,-28.6,-36.6,-21.2,-8.5,-21.6,-33.4,-29.6,-42.2,-45.4
20261008-164718-f00-nivel-10cm,2.3900,-24.6,-11.9,-26.2,-20.7,-24.1,-19.3,-19.3,-18.0,-18.6,-13.2,-10.2,-17.6,-39.0,-27.0,-30.6,-47.9
20261008-164718-f00-nivel-10cm,2.3920,-21.1,-11.0,-21.0,-24.9,-20.0,-11.3,-6.3,-9.4,-18.2,-15.3,-18.4,-21.6,-27.7,-30.0,-27.8,-47.4
20261008-164718-f00-nivel-10cm,2.3940,-19.2,-10.7,-23.6,-25.9,-18.5,-12.3,-1.7,-8.9,-26.9,-26.3,-34.5,-32.8,-30.5,-49.5,-27.9,-36.3
20261008-164718-f00-nivel-10cm,2.3960,-19.8,-12.2,-26.9,-26.5,-23.7,-15.2,-1.1,-11.5,-24.5,-24.4,-25.0,-35.6,-31.1,-38.9,-29.4,-37.0
20261008-164718-f00-nivel-10cm,2.3980,-27.7,-13.6,-28.5,-34.7,-25.2,-12.1,-1.1,-17.5,-29.4,-22.2,-27.0,-34.4,-34.7,-39.3,-30.6,-41.1
20261008-164718-f00-nivel-10cm,2.4000,-24.5,-15.7,-22.0,-20.5,-20.1,-7.2,-2.8,-9.4,-19.2,-25.8,-27.9,-41.5,-38.5,-33.0,-28.7,-34.6
20261008-164718-f00-nivel-10cm,2.4020,-25.5,-18.8,-31.4,-16.1,-8.9,-8.2,-10.5,-10.4,-18.6,-21.4,-20.2,-28.0,-32.3,-35.4,-29.1,-40.5
20261008-164718-f00-nivel-10cm,2.4040,-25.1,-24.8,-23.7,-22.2,-6.0,-12.8,-29.2,-20.2,-23.5,-19.1,-20.4,-28.2,-37.2,-51.5,-31.5,-44.3
20261008-164718-f00-nivel-10cm,2.4060,-25.1,-20.1,-23.0,-20.6,-7.1,-16.7,-28.9,-27.4,-24.2,-28.4,-25.1,-37.9,-40.5,-38.8,-31.9,-41.2
20261008-164718-f00-nivel-10cm,2.4080,-32.2,-17.9,-23.2,-20.7,-9.1,-20.1,-23.7,-23.3,-30.0,-25.9,-23.5,-33.6,-33.9,-35.9,-35.4,-45.4
20261008-164718-f00-nivel-10cm,2.4100,-22.4,-17.2,-21.7,-18.0,-13.7,-13.8,-20.2,-17.0,-27.3,-26.1,-20.5,-34.6,-31.7,-42.0,-46.7,-42.2
20261008-164718-f00-nivel-10cm,2.4120,-24.7,-15.8,-14.6,-12.5,-11.5,-11.3,-18.8,-17.1,-28.8,-27.6,-21.3,-34.9,-32.8,-31.9,-39.3,-47.7
20261008-164718-f00-nivel-10cm,2.4140,-31.9,-17.7,-23.4,-10.2,-15.8,-13.9,-28.5,-20.2,-31.9,-34.6,-22.9,-36.8,-40.0,-31.2,-36.4,-46.6
20261008-164718-f00-nivel-10cm,2.4160,-31.6,-22.1,-22.3,-10.2,-14.9,-16.8,-28.5,-21.2,-28.2,-31.2,-24.4,-42.2,-33.3,-31.5,-37.9,-59.6
20261008-164718-f00-nivel-10cm,2.4180,-32.2,-26.8,-21.5,-8.9,-19.0,-20.6,-26.0,-22.5,-34.9,-47.1,-25.3,-45.3,-31.8,-30.7,-35.6,-42.5
20261008-164718-f00-nivel-10cm,2.4200,-21.4,-23.1,-21.7,-9.8,-15.4,-18.3,-20.0,-18.7,-27.6,-36.2,-23.6,-30.6,-40.5,-30.3,-31.9,-41.6
20261008-164718-f00-nivel-10cm,2.4220,-14.1,-12.3,-16.4,-14.8,-14.9,-17.5,-18.3,-19.0,-23.8,-27.1,-23.1,-33.4,-35.7,-32.2,-36.7,-44.7
20261008-164718-f00-nivel-10cm,2.4240,-15.9,-6.6,-16.1,-22.2,-25.6,-27.6,-23.9,-27.5,-29.0,-26.5,-27.5,-39.4,-32.5,-31.9,-37.8,-50.6
20261008-164718-f00-nivel-10cm,2.4260,-16.9,-4.9,-17.6,-21.8,-26.3,-30.4,-21.8,-22.0,-29.7,-32.9,-31.8,-34.5,-34.7,-33.9,-37.7,-42.2
20261008-164718-f00-nivel-10cm,2.4280,-15.8,-4.3,-14.8,-26.7,-25.0,-29.1,-19.8,-24.3,-28.6,-30.2,-24.0,-33.4,-41.1,-38.7,-41.9,-39.5
20261008-164718-f00-nivel-10cm,2.4300,-13.3,-5.3,-14.8,-28.4,-22.4,-21.5,-18.3,-34.7,-24.4,-18.2,-16.3,-24.3,-25.3,-28.8,-43.4,-37.5
20261008-164718-f00-nivel-10cm,2.4320,-15.8,-10.0,-16.1,-33.5,-22.1,-22.3,-18.8,-25.9,-23.1,-19.6,-12.9,-11.6,-16.4,-29.3,-36.7,-40.7
20261008-164718-f00-nivel-10cm,2.4340,-29.8,-17.1,-25.7,-17.3,-18.9,-25.0,-23.3,-32.7,-33.3,-35.6,-18.0,-8.6,-17.1,-33.8,-40.6,-47.3
20261008-164718-f00-nivel-10cm,2.4360,-25.9,-18.7,-24.7,-16.2,-17.0,-21.1,-26.6,-27.3,-31.2,-23.8,-26.9,-9.3,-21.8,-41.6,-43.9,-40.2
20261008-164718-f00-nivel-10cm,2.4380,-20.8,-14.9,-19.0,-20.1,-21.2,-21.2,-36.5,-27.8,-31.4,-27.1,-17.1,-9.7,-23.0,-38.0,-43.0,-42.2
20261008-164718-f00-nivel-10cm,2.4400,-26.8,-12.8,-24.1,-20.2,-22.0,-37.7,-23.2,-21.4,-18.0,-16.6,-14.2,-14.6,-16.6,-26.7,-36.9,-41.2
20261008-164718-f00-nivel-10cm,2.4420,-24.9,-12.7,-24.4,-21.5,-29.2,-32.4,-27.0,-19.5,-11.9,-8.5,-15.9,-26.7,-16.8,-26.0,-32.7,-41.6
20261008-164718-f00-nivel-10cm,2.4440,-19.9,-12.4,-24.9,-33.4,-24.4,-26.9,-28.1,-28.6,-16.5,-6.4,-20.7,-23.6,-22.6,-33.2,-36.2,-43.8
20261008-164718-f00-nivel-10cm,2.4460,-18.3,-13.3,-29.5,-24.6,-19.2,-25.6,-31.8,-49.0,-24.0,-6.6,-15.7,-34.8,-26.5,-38.3,-33.9,-46.9
20261008-164718-f00-nivel-10cm,2.4480,-24.3,-15.3,-27.1,-20.7,-21.5,-26.5,-27.7,-30.4,-18.0,-6.2,-19.0,-22.2,-31.6,-33.4,-39.6,-41.6
20261008-164718-f00-nivel-10cm,2.4500,-29.8,-16.4,-26.9,-19.9,-22.1,-14.0,-12.4,-16.0,-13.0,-8.2,-13.9,-22.4,-37.7,-34.1,-35.3,-36.6
20261008-164718-f00-nivel-10cm,2.4520,-20.6,-19.3,-24.3,-17.6,-34.8,-8.3,-4.2,-12.2,-17.4,-14.5,-20.9,-21.9,-26.0,-33.5,-34.2,-36.6
20261008-164718-f00-nivel-10cm,2.4540,-20.2,-36.8,-22.9,-16.2,-18.4,-11.5,-1.2,-12.8,-22.8,-18.0,-26.4,-27.3,-25.2,-44.1,-40.9,-41.6
20261008-164718-f00-nivel-10cm,2.4560,-21.5,-17.3,-21.8,-17.0,-41.3,-13.9,-0.6,-11.4,-27.6,-20.3,-25.2,-30.4,-32.7,-37.4,-42.2,-39.4
20261008-164718-f00-nivel-10cm,2.4580,-27.7,-15.2,-25.7,-20.5,-24.7,-11.4,-0.5,-14.5,-30.9,-25.0,-29.4,-39.6,-50.9,-34.7,-38.3,-41.9
20261008-164718-f00-nivel-10cm,2.4600,-24.3,-15.9,-36.8,-25.3,-20.5,-9.3,-1.7,-11.6,-30.5,-19.6,-20.7,-22.7,-24.9,-25.1,-31.2,-35.8
20261008-164718-f00-nivel-10cm,2.4620,-28.1,-17.1,-29.2,-24.9,-19.2,-12.0,-6.3,-11.4,-27.0,-14.5,-11.1,-16.6,-22.2,-24.7,-26.8,-34.1
20261008-164718-f00-nivel-10cm,2.4640,-25.9,-19.6,-26.9,-22.4,-22.2,-25.9,-16.3,-20.2,-26.2,-16.2,-9.1,-24.2,-27.1,-33.2,-31.5,-40.8
20261008-164718-f00-nivel-10cm,2.4660,-26.7,-26.1,-27.0,-27.7,-26.0,-34.0,-25.9,-32.1,-27.5,-43.5,-9.9,-17.9,-32.6,-39.8,-35.0,-41.1
20261008-164718-f00-nivel-10cm,2.4680,-36.2,-39.0,-28.6,-20.9,-23.0,-34.5,-26.2,-46.2,-33.1,-19.8,-9.4,-20.5,-38.7,-43.4,-35.7,-40.4
20261008-164718-f00-nivel-10cm,2.4700,-30.3,-26.8,-28.8,-21.3,-20.7,-22.5,-51.2,-20.7,-23.6,-14.6,-10.3,-21.9,-30.4,-34.5,-37.5,-43.5
20261008-164718-f00-nivel-10cm,2.4720,-27.4,-22.3,-28.3,-26.4,-23.8,-25.5,-22.9,-13.5,-9.4,-8.7,-15.6,-25.9,-25.6,-37.0,-35.4,-40.8
20261008-164718-f00-nivel-10cm,2.4740,-27.0,-25.0,-25.1,-22.6,-25.4,-29.6,-21.5,-16.4,-4.7,-14.5,-21.8,-24.0,-25.5,-43.0,-39.4,-43.0
20261008-164718-f00-nivel-10cm,2.4760,-28.0,-45.4,-29.0,-22.7,-25.6,-25.8,-24.1,-14.8,-3.6,-15.4,-25.3,-24.9,-28.7,-36.1,-48.0,-45.8
20261008-164718-f00-nivel-10cm,2.4780,-28.3,-24.7,-21.8,-21.0,-26.0,-24.3,-21.5,-17.1,-3.2,-11.8,-27.8,-24.4,-29.5,-40.2,-44.7,-40.9
20261008-164718-f00-nivel-10cm,2.4800,-29.7,-22.6,-25.6,-23.4,-21.9,-24.3,-24.8,-13.5,-5.2,-12.8,-22.5,-22.5,-37.0,-41.8,-38.3,-40.9
20261008-164718-f00-nivel-10cm,2.4820,-23.0,-21.4,-33.8,-23.7,-11.9,-16.1,-27.8,-15.9,-11.1,-19.0,-19.4,-30.3,-28.2,-39.4,-38.6,-43.8
20261008-164718-f00-nivel-10cm,2.4840,-24.6,-20.3,-26.6,-17.9,-8.4,-14.7,-26.4,-21.4,-25.9,-20.9,-21.4,-25.0,-27.8,-44.6,-39.1,-52.2
20261008-164718-f00-nivel-10cm,2.4860,-30.5,-24.4,-21.4,-21.4,-8.7,-18.2,-21.1,-38.7,-25.3,-21.4,-29.6,-23.2,-33.3,-40.2,-39.6,-41.9
20261008-164718-f00-nivel-10cm,2.4880,-35.9,-27.4,-31.0,-20.7,-9.8,-18.4,-19.0,-24.9,-34.9,-23.9,-46.7,-26.5,-34.0,-40.9,-51.3,-44.4
20261008-164718-f00-nivel-10cm,2.4900,-32.5,-25.6,-22.9,-19.0,-9.9,-15.0,-12.2,-29.7,-24.6,-21.9,-29.7,-31.7,-30.4,-37.5,-46.7,-44.1
20261008-164718-f00-nivel-10cm,2.4920,-26.5,-20.9,-36.4,-24.2,-8.8,-3.3,-10.4,-21.1,-25.0,-25.0,-26.3,-31.4,-33.8,-39.8,-39.6,-43.2
20261008-164718-f00-nivel-10cm,2.4940,-27.5,-19.9,-28.4,-27.3,-7.4,-0.3,-15.8,-25.2,-38.8,-39.1,-28.5,-33.7,-49.0,-50.9,-40.9,-60.8
20261008-164718-f00-nivel-10cm,2.4960,-31.3,-20.9,-30.8,-27.8,-8.9,-0.2,-14.2,-32.1,-38.7,-51.4,-32.8,-38.3,-39.8,-53.6,-43.5,-49.1
20261008-164718-f00-nivel-10cm,2.4980,-32.6,-21.8,-28.0,-25.0,-16.6,-0.7,-13.0,-38.8,-35.4,-41.3,-30.4,-34.9,-37.2,-47.5,-60.3,-43.6
20261008-164718-f00-nivel-10cm,2.5000,-23.9,-20.9,-43.5,-25.5,-11.0,-1.9,-9.1,-19.4,-27.6,-28.7,-25.8,-25.1,-22.0,-22.5,-25.1,-32.8
20261008-164718-f00-nivel-10cm,2.5020,-24.0,-20.0,-37.1,-22.8,-14.0,-6.1,-11.1,-16.3,-21.6,-27.1,-29.6,-24.3,-15.1,-11.8,-17.4,-36.8
20261008-164718-f00-nivel-10cm,2.5040,-35.7,-19.7,-26.0,-26.2,-15.9,-12.7,-26.4,-22.2,-24.5,-42.1,-37.5,-31.5,-17.9,-8.5,-17.8,-40.6
20261008-164718-f00-nivel-10cm,2.5060,-25.4,-18.5,-35.9,-22.0,-17.8,-13.6,-40.0,-35.7,-32.7,-27.1,-40.1,-30.8,-23.0,-8.6,-22.2,-34.3
20261008-164718-f00-nivel-10cm,2.5080,-25.6,-19.2,-27.2,-20.9,-16.6,-16.0,-25.8,-28.9,-28.4,-22.9,-27.5,-28.2,-18.8,-9.0,-21.9,-41.3
20261008-164718-f00-nivel-10cm,2.5100,-23.6,-21.5,-19.4,-20.8,-26.1,-19.2,-29.3,-30.0,-33.3,-23.0,-28.8,-22.2,-17.1,-11.0,-19.9,-31.3
20261008-164718-f00-nivel-10cm,2.5120,-24.4,-16.6,-12.4,-23.8,-27.9,-18.3,-23.1,-35.9,-30.0,-22.0,-28.3,-18.3,-17.0,-17.8,-21.3,-30.3
20261008-164718-f00-nivel-10cm,2.5140,-29.1,-19.7,-10.5,-25.3,-19.0,-18.1,-23.5,-25.8,-20.7,-17.8,-22.9,-19.3,-31.9,-22.7,-26.5,-38.5
20261008-164718-f00-nivel-10cm,2.5160,-37.4,-20.8,-10.2,-20.1,-21.7,-20.9,-25.8,-25.6,-22.7,-17.2,-26.0,-26.0,-27.1,-21.8,-27.5,-41.0
20261008-164718-f00-nivel-10cm,2.5180,-36.9,-23.6,-11.5,-21.6,-33.3,-25.4,-23.4,-29.1,-28.7,-24.1,-24.0,-28.8,-32.5,-25.0,-37.1,-36.1
20261008-164718-f00-nivel-10cm,2.5200,-24.0,-17.5,-16.6,-22.3,-25.5,-17.5,-16.7,-22.8,-33.0,-29.6,-35.3,-26.2,-38.6,-30.2,-40.8,-38.4
20261008-164718-f00-nivel-10cm,2.5220,-20.7,-18.1,-25.4,-22.7,-16.0,-7.4,-9.8,-21.4,-31.7,-30.0,-30.8,-28.8,-35.3,-41.3,-34.4,-38.3
20261008-164718-f00-nivel-10cm,2.5240,-33.0,-25.4,-26.6,-23.7,-11.9,-2.9,-13.2,-23.1,-39.9,-41.4,-38.2,-29.0,-33.4,-31.7,-34.0,-41.6
20261008-164718-f00-nivel-10cm,2.5260,-32.8,-29.4,-27.7,-32.3,-11.8,-1.0,-15.3,-28.6,-27.7,-31.4,-32.3,-28.1,-37.2,-27.5,-36.3,-43.2
20261008-164718-f00-nivel-10cm,2.5280,-30.4,-28.9,-27.6,-33.0,-9.7,0.0,-11.3,-27.2,-27.0,-27.8,-31.9,-28.4,-33.2,-27.6,-46.2,-42.7
20261008-164718-f00-nivel-10cm,2.5300,-20.0,-17.1,-16.9,-19.1,-8.9,-1.4,-9.9,-21.4,-30.1,-24.7,-30.0,-33.0,-43.1,-25.8,-33.1,-47.2
20261008-164718-f00-nivel-10cm,2.5320,-18.3,-13.8,-10.2,-16.1,-13.0,-5.9,-14.6,-20.4,-26.3,-27.4,-33.0,-37.8,-28.2,-26.2,-32.7,-41.3
20261008-164718-f00-nivel-10cm,2.5340,-27.3,-22.8,-9.8,-20.1,-15.9,-9.8,-20.9,-28.1,-34.7,-39.8,-37.0,-35.0,-36.3,-28.9,-39.7,-63.9
20261008-164718-f00-nivel-10cm,2.5360,-31.5,-27.3,-11.2,-21.5,-22.1,-12.2,-21.5,-40.0,-33.1,-29.6,-37.6,-29.9,-33.1,-28.7,-33.6,-48.8
20261008-164718-f00-nivel-10cm,2.5380,-30.3,-21.5,-11.5,-23.7,-23.2,-17.2,-28.5,-31.3,-32.7,-29.4,-30.4,-29.4,-36.7,-27.6,-35.5,-44.0
20261008-164718-f00-nivel-10cm,2.5400,-23.6,-17.3,-15.8,-18.3,-27.8,-30.1,-18.0,-14.6,-21.2,-26.3,-25.9,-30.8,-26.6,-24.7,-34.8,-36.0
20261008-164718-f00-nivel-10cm,2.5420,-20.3,-25.1,-30.3,-18.0,-23.8,-12.6,-6.8,-8.7,-19.9,-29.4,-23.1,-26.2,-25.2,-26.7,-27.1,-36.0
20261008-164718-f00-nivel-10cm,2.5440,-25.8,-24.4,-17.2,-20.2,-23.9,-9.6,-1.9,-11.3,-24.5,-32.2,-27.5,-35.3,-29.7,-34.3,-27.5,-42.5
20261008-164718-f00-nivel-10cm,2.5460,-38.6,-24.6,-17.3,-23.6,-23.1,-15.4,-1.1,-12.8,-28.3,-26.3,-38.9,-41.7,-33.3,-25.6,-29.4,-40.3
20261008-164718-f00-nivel-10cm,2.5480,-28.8,-25.0,-17.5,-28.6,-27.9,-13.8,-0.8,-13.8,-22.3,-28.1,-29.6,-27.7,-33.4,-24.7,-33.1,-43.7
20261008-164718-f00-nivel-10cm,2.5500,-22.8,-30.7,-13.7,-20.1,-20.4,-8.1,-1.7,-9.9,-20.8,-34.4,-32.3,-26.8,-33.2,-24.4,-29.7,-56.3
20261008-164718-f00-nivel-10cm,2.5520,-16.3,-13.6,-11.5,-19.3,-19.2,-9.4,-7.0,-12.7,-19.9,-27.7,-36.5,-30.5,-33.1,-24.6,-30.5,-53.1
20261008-164718-f00-nivel-10cm,2.5540,-16.9,-6.7,-18.5,-20.9,-21.2,-22.3,-20.2,-19.5,-24.2,-30.4,-26.8,-27.5,-36.9,-24.5,-39.9,-39.6
20261008-164718-f00-nivel-10cm,2.5560,-16.3,-5.1,-13.0,-24.7,-29.8,-20.8,-25.8,-29.1,-21.2,-28.0,-24.0,-27.2,-35.7,-26.4,-32.8,-45.4
20261008-164718-f00-nivel-10cm,2.5580,-19.2,-5.5,-16.1,-27.0,-25.6,-22.0,-18.1,-23.0,-22.0,-28.9,-27.5,-34.7,-41.6,-29.6,-35.7,-60.8
20261008-164718-f00-nivel-10cm,2.5600,-13.4,-7.4,-20.8,-26.1,-21.0,-23.6,-15.5,-32.6,-22.5,-28.0,-20.5,-20.3,-22.7,-26.6,-34.3,-47.8
20261008-164718-f00-nivel-10cm,2.5620,-13.2,-12.3,-19.6,-29.2,-23.3,-15.9,-17.4,-25.0,-22.2,-23.2,-17.3,-11.0,-15.1,-28.0,-30.0,-40.8
20261008-164718-f00-nivel-10cm,2.5640,-22.2,-20.0,-23.3,-24.8,-25.8,-17.5,-25.5,-26.4,-24.4,-30.6,-22.7,-8.3,-16.8,-38.2,-30.7,-37.5
20261008-164718-f00-nivel-10cm,2.5660,-24.8,-20.2,-23.8,-21.3,-34.6,-18.5,-20.8,-27.3,-28.2,-34.8,-19.2,-8.7,-21.0,-31.9,-42.4,-38.8
20261008-164718-f00-nivel-10cm,2.5680,-18.4,-13.8,-18.8,-27.2,-27.7,-20.7,-27.6,-30.9,-30.4,-40.5,-23.6,-9.7,-23.4,-28.8,-38.3,-43.1
20261008-164718-f00-nivel-10cm,2.5700,-23.4,-10.2,-12.6,-27.1,-32.8,-22.3,-24.9,-28.0,-26.8,-23.5,-16.9,-15.1,-13.0,-20.6,-25.4,-32.9
20261008-164718-f00-nivel-10cm,2.5720,-24.0,-10.8,-14.8,-25.3,-32.4,-20.5,-21.5,-29.9,-23.5,-25.1,-18.6,-22.1,-8.7,-14.7,-24.0,-30.7
20261008-164718-f00-nivel-10cm,2.5740,-19.1,-12.8,-24.1,-27.2,-33.3,-23.7,-23.8,-28.5,-27.5,-36.0,-23.5,-19.7,-6.5,-17.4,-26.1,-49.9
20261008-164718-f00-nivel-10cm,2.5760,-19.7,-13.5,-20.3,-29.8,-41.9,-28.7,-27.6,-27.3,-32.7,-31.9,-27.7,-14.8,-5.9,-17.8,-32.3,-37.7
20261008-164718-f00-nivel-10cm,2.5780,-27.3,-15.3,-30.7,-27.2,-35.5,-25.9,-22.9,-36.6,-28.9,-34.6,-27.1,-19.7,-6.1,-19.4,-38.0,-46.3
20261008-164718-f00-nivel-10cm,2.5800,-28.1,-15.8,-19.8,-28.5,-35.4,-23.7,-23.9,-48.6,-25.7,-23.3,-20.7,-13.7,-7.2,-16.5,-33.0,-43.6
20261008-164718-f00-nivel-10cm,2.5820,-25.4,-18.1,-22.2,-32.6,-24.5,-22.0,-34.5,-29.9,-25.6,-17.2,-11.6,-11.3,-11.2,-22.4,-27.8,-42.0
20261008-164718-f00-nivel-10cm,2.5840,-25.4,-24.2,-34.2,-25.4,-23.4,-23.1,-32.6,-27.5,-32.7,-20.2,-9.3,-35.2,-16.1,-29.0,-32.2,-40.8
20261008-164718-f00-nivel-10cm,2.5860,-22.6,-19.1,-27.0,-33.5,-31.8,-23.3,-29.2,-27.9,-33.9,-22.2,-9.2,-23.3,-17.9,-28.0,-45.1,-40.8
20261008-164718-f00-nivel-10cm,2.5880,-26.5,-15.1,-24.8,-30.2,-24.6,-20.9,-21.9,-30.5,-34.6,-19.2,-9.1,-17.9,-19.2,-28.7,-61.7,-56.8
20261008-164718-f00-nivel-10cm,2.5900,-28.5,-13.0,-17.8,-30.4,-22.2,-20.5,-23.8,-20.6,-17.0,-11.8,-14.9,-17.4,-17.9,-25.3,-31.6,-34.8
20261008-164718-f00-nivel-10cm,2.5920,-20.6,-12.9,-18.6,-24.4,-36.2,-20.6,-20.0,-18.8,-11.1,-7.7,-21.9,-18.2,-17.1,-24.5,-29.0,-32.7
20261008-164718-f00-nivel-10cm,2.5940,-24.3,-16.0,-41.9,-30.7,-27.7,-27.7,-22.4,-30.7,-15.2,-5.6,-15.7,-20.2,-23.7,-30.9,-31.5,-45.8
20261008-164718-f00-nivel-10cm,2.5960,-28.7,-20.4,-27.5,-42.6,-29.3,-29.9,-35.4,-30.7,-19.6,-6.1,-16.1,-25.4,-24.6,-29.3,-37.0,-43.0
20261008-164718-f00-nivel-10cm,2.5980,-31.6,-25.4,-34.3,-39.2,-29.0,-23.6,-27.4,-30.8,-21.8,-6.2,-19.8,-24.9,-22.8,-28.3,-42.2,-40.4
20261008-164718-f00-nivel-10cm,2.6000,-31.9,-26.0,-38.5,-43.2,-24.3,-38.2,-17.6,-18.9,-11.8,-6.7,-14.9,-19.7,-28.1,-20.1,-29.9,-35.2
20261008-164718-f00-nivel-10cm,2.6020,-26.8,-27.0,-34.3,-36.3,-22.5,-19.1,-16.0,-16.8,-13.4,-12.8,-14.0,-14.3,-10.7,-14.9,-26.7,-35.9
20261008-164718-f00-nivel-10cm,2.6040,-27.2,-33.9,-24.5,-32.0,-21.8,-21.6,-20.3,-29.6,-23.9,-22.4,-19.8,-15.0,-6.6,-18.2,-27.4,-58.7
20261008-164718-f00-nivel-10cm,2.6060,-25.1,-24.7,-22.6,-26.4,-26.6,-29.6,-24.3,-28.8,-25.4,-22.9,-36.5,-20.0,-5.8,-17.7,-51.8,-38.2
20261008-164718-f00-nivel-10cm,2.6080,-28.4,-34.3,-22.7,-37.3,-27.3,-23.8,-28.4,-26.4,-32.1,-22.4,-24.6,-16.2,-5.2,-17.5,-33.8,-40.7
20261008-164718-f00-nivel-10cm,2.6100,-37.0,-23.6,-22.3,-31.4,-25.5,-21.2,-30.7,-28.0,-29.8,-22.9,-24.2,-14.2,-6.7,-12.1,-19.6,-26.7
20261008-164718-f00-nivel-10cm,2.6120,-30.8,-23.3,-27.1,-29.3,-26.7,-21.5,-35.0,-39.1,-30.8,-25.1,-24.9,-15.9,-12.6,-15.2,-11.4,-19.8
20261008-164718-f00-nivel-10cm,2.6140,-27.7,-25.2,-28.1,-34.9,-41.3,-21.6,-26.2,-42.9,-30.1,-25.1,-35.7,-26.0,-21.8,-19.6,-7.9,-19.3
20261008-164718-f00-nivel-10cm,2.6160,-28.2,-33.8,-26.7,-34.8,-30.1,-24.6,-23.4,-31.8,-40.2,-24.8,-29.9,-25.9,-20.5,-16.5,-6.5,-18.8
20261008-164718-f00-nivel-10cm,2.6180,-29.8,-28.6,-29.6,-39.6,-28.5,-30.1,-25.1,-26.5,-38.4,-25.8,-22.4,-21.5,-17.0,-18.5,-6.2,-17.5
20261008-164718-f00-nivel-10cm,2.6200,-34.1,-27.6,-32.4,-36.4,-34.0,-25.9,-24.6,-28.7,-28.8,-24.8,-33.0,-27.4,-13.9,-14.3,-8.4,-15.9
20261008-164718-f00-nivel-10cm,2.6220,-26.6,-23.3,-28.7,-34.2,-31.1,-25.5,-22.1,-27.2,-30.0,-28.8,-29.6,-17.2,-9.1,-21.8,-12.3,-20.3
20261008-164718-f00-nivel-10cm,2.6240,-24.9,-20.0,-22.0,-32.8,-32.0,-46.2,-22.3,-37.1,-58.3,-34.7,-33.4,-18.6,-6.7,-16.9,-16.4,-25.6
20261008-164718-f00-nivel-10cm,2.6260,-29.2,-25.1,-23.4,-32.4,-35.8,-28.3,-25.4,-35.3,-32.7,-26.2,-25.8,-15.9,-5.9,-16.8,-21.5,-25.1
20261008-164718-f00-nivel-10cm,2.6280,-39.6,-35.5,-29.9,-38.6,-34.1,-32.8,-27.7,-36.9,-31.0,-23.6,-20.7,-18.0,-6.2,-20.9,-27.9,-32.6
20261008-164718-f00-nivel-10cm,2.6300,-29.7,-26.1,-31.0,-39.8,-25.6,-18.6,-17.4,-16.9,-21.1,-36.9,-22.1,-15.5,-8.1,-16.2,-29.1,-34.3
20261008-164718-f00-nivel-10cm,2.6320,-34.5,-23.0,-36.2,-31.5,-26.5,-10.4,-5.7,-9.7,-20.0,-33.9,-23.8,-19.9,-12.5,-25.7,-22.9,-35.2
20261008-164718-f00-nivel-10cm,2.6340,-30.5,-20.5,-25.3,-32.7,-27.4,-10.8,-1.6,-11.6,-23.2,-20.5,-25.2,-35.5,-17.0,-33.9,-22.2,-31.5
20261008-164718-f00-nivel-10cm,2.6360,-25.7,-18.0,-29.5,-34.6,-32.1,-15.4,-1.0,-13.1,-28.4,-20.6,-25.2,-25.4,-18.1,-25.2,-20.6,-26.9
20261008-164718-f00-nivel-10cm,2.6380,-24.2,-19.3,-32.0,-34.8,-32.1,-12.6,-0.8,-12.9,-28.1,-23.8,-33.6,-33.6,-18.8,-38.3,-20.7,-39.4
20261008-164718-f00-nivel-10cm,2.6400,-19.2,-38.9,-21.0,-23.3,-26.5,-9.4,-2.0,-9.4,-26.4,-21.2,-24.5,-27.2,-17.5,-21.9,-23.9,-32.1
20261008-164718-f00-nivel-10cm,2.6420,-20.5,-16.4,-12.6,-19.3,-25.2,-13.0,-7.7,-11.0,-20.9,-22.0,-22.9,-18.1,-17.6,-25.4,-25.9,-63.8
20261008-164718-f00-nivel-10cm,2.6440,-28.1,-19.1,-10.2,-20.9,-25.8,-35.7,-21.3,-20.9,-29.1,-28.1,-28.0,-19.7,-27.0,-27.6,-25.0,-32.9
20261008-164718-f00-nivel-10cm,2.6460,-41.3,-21.8,-10.9,-26.3,-38.8,-26.1,-24.7,-27.8,-38.0,-33.0,-29.6,-27.9,-31.1,-33.1,-25.9,-39.1
20261008-164718-f00-nivel-10cm,2.6480,-47.7,-26.2,-11.9,-22.0,-40.8,-26.0,-19.6,-26.7,-35.6,-31.6,-33.4,-36.6,-25.1,-31.7,-27.6,-39.1
20261008-164718-f00-nivel-10cm,2.6500,-26.0,-21.5,-15.4,-18.3,-24.8,-19.8,-19.6,-19.9,-17.6,-22.2,-21.2,-26.7,-26.9,-26.6,-25.9,-33.9
20261008-164718-f00-nivel-10cm,2.6520,-24.8,-23.1,-27.7,-20.5,-23.4,-18.4,-18.5,-17.5,-10.9,-10.2,-18.0,-28.2,-49.4,-28.9,-26.8,-34.1
20261008-164718-f00-nivel-10cm,2.6540,-33.9,-28.4,-23.1,-23.3,-26.3,-26.0,-23.5,-24.4,-14.6,-6.4,-17.5,-28.9,-38.6,-28.1,-27.9,-36.9
20261008-164718-f00-nivel-10cm,2.6560,-31.9,-22.8,-20.6,-26.8,-29.1,-28.6,-31.2,-28.9,-20.8,-5.9,-18.0,-22.1,-24.1,-27.2,-28.8,-44.2
20261008-164718-f00-nivel-10cm,2.6580,-34.3,-23.7,-26.0,-41.6,-38.2,-30.4,-32.9,-31.3,-18.0,-5.5,-16.2,-22.8,-21.9,-36.1,-40.7,-38.4
20261008-164718-f00-nivel-10cm,2.6600,-25.2,-21.6,-24.4,-24.5,-30.3,-25.3,-23.4,-20.3,-19.3,-6.0,-12.8,-22.1,-19.8,-23.9,-34.4,-40.2
20261008-164718-f00-nivel-10cm,2.6620,-21.6,-21.5,-22.3,-22.4,-30.7,-23.0,-19.5,-11.1,-11.4,-6.7,-15.5,-18.8,-17.5,-25.2,-32.8,-48.2
20261008-164718-f00-nivel-10cm,2.6640,-25.3,-24.9,-22.9,-25.4,-31.5,-25.7,-22.5,-12.9,-4.6,-12.0,-29.8,-30.7,-20.6,-30.2,-33.0,-39.5
20261008-164718-f00-nivel-10cm,2.6660,-30.0,-27.5,-19.2,-29.1,-30.7,-34.8,-21.7,-16.6,-4.1,-23.4,-23.0,-39.4,-25.9,-30.9,-27.6,-36.3
20261008-164718-f00-nivel-10cm,2.6680,-30.5,-32.4,-20.9,-28.5,-30.9,-32.7,-21.1,-14.8,-3.7,-12.4,-25.8,-39.9,-27.7,-27.5,-29.2,-43.5
20261008-164718-f00-nivel-10cm,2.6700,-43.9,-27.6,-25.5,-36.4,-24.6,-23.7,-14.7,-11.3,-7.2,-9.6,-17.3,-25.0,-36.9,-32.4,-33.1,-37.3
20261008-164718-f00-nivel-10cm,2.6720,-34.9,-23.1,-37.5,-30.8,-24.6,-17.5,-13.7,-12.9,-20.8,-8.5,-14.2,-22.6,-29.8,-35.1,-31.9,-33.9
20261008-164718-f00-nivel-10cm,2.6740,-27.5,-20.8,-22.7,-28.5,-27.4,-23.4,-21.0,-31.5,-16.1,-8.1,-25.7,-26.5,-26.9,-37.8,-38.6,-35.6
20261008-164718-f00-nivel-10cm,2.6760,-31.6,-24.2,-21.7,-26.9,-32.8,-32.2,-33.5,-25.5,-22.5,-7.2,-17.9,-29.3,-24.6,-32.0,-36.6,-37.8
20261008-164718-f00-nivel-10cm,2.6780,-44.7,-24.3,-20.2,-28.0,-43.1,-34.0,-34.8,-36.3,-17.8,-6.3,-16.9,-34.1,-25.1,-36.6,-35.4,-35.4
20261008-164718-f00-nivel-10cm,2.6800,-37.0,-23.2,-17.2,-28.4,-50.5,-38.2,-28.5,-24.9,-16.5,-6.0,-17.8,-28.9,-35.9,-30.4,-44.0,-34.9
20261008-164718-f00-nivel-10cm,2.6820,-38.1,-32.9,-17.6,-26.8,-40.7,-32.9,-29.4,-15.3,-7.3,-8.6,-24.7,-24.5,-29.3,-36.4,-34.5,-42.4
20261008-164718-f00-nivel-10cm,2.6840,-38.8,-28.5,-18.5,-26.4,-36.8,-31.4,-28.2,-15.2,-4.0,-21.4,-20.7,-29.0,-27.6,-33.4,-30.6,-37.1
20261008-164718-f00-nivel-10cm,2.6860,-35.1,-27.1,-21.0,-30.2,-41.0,-32.7,-30.1,-14.9,-3.0,-11.0,-22.8,-33.4,-28.8,-37.1,-27.6,-32.5
20261008-164718-f00-nivel-10cm,2.6880,-33.1,-32.6,-27.6,-39.9,-39.0,-28.9,-23.6,-15.8,-3.2,-11.8,-23.9,-30.6,-25.4,-31.1,-28.5,-34.8
20261008-164718-f00-nivel-10cm,2.6900,-18.2,-20.3,-25.0,-27.3,-34.5,-28.0,-34.7,-13.2,-5.5,-18.2,-27.9,-29.7,-25.0,-39.7,-31.5,-39.9
20261008-164718-f00-nivel-10cm,2.6920,-12.3,-9.4,-15.3,-29.5,-41.6,-32.3,-40.2,-17.3,-11.0,-15.8,-33.6,-27.5,-27.5,-35.8,-32.7,-34.6
20261008-164718-f00-nivel-10cm,2.6940,-15.9,-5.6,-16.7,-29.3,-38.9,-29.5,-27.9,-30.9,-20.4,-17.7,-29.0,-37.5,-37.3,-42.4,-35.4,-31.9
20261008-164718-f00-nivel-10cm,2.6960,-17.0,-5.1,-17.1,-48.4,-38.7,-28.1,-24.4,-30.5,-27.0,-24.3,-28.3,-31.9,-36.1,-37.4,-32.9,-34.4
20261008-164718-f00-nivel-10cm,2.6980,-16.6,-5.0,-18.2,-34.8,-47.3,-29.3,-28.9,-46.3,-26.8,-23.6,-33.2,-33.7,-34.5,-35.6,-30.9,-54.0
20261008-164718-f00-nivel-10cm,2.7000,-15.8,-6.6,-11.2,-19.1,-26.1,-25.4,-31.4,-33.3,-31.4,-23.2,-39.2,-42.8,-38.3,-48.4,-29.7,-38.0
20261008-164718-f00-nivel-10cm,2.7020,-21.0,-14.8,-7.5,-17.8,-25.0,-21.2,-27.6,-31.2,-31.2,-24.3,-32.3,-28.4,-29.1,-34.1,-27.9,-37.1
20261008-164718-f00-nivel-10cm,2.7040,-31.5,-24.5,-8.1,-20.3,-34.1,-23.4,-25.0,-28.0,-27.2,-22.1,-22.7,-26.4,-24.5,-40.7,-26.4,-41.2
20261008-164718-f00-nivel-10cm,2.7060,-23.7,-14.5,-9.5,-19.1,-35.7,-32.1,-23.7,-31.5,-26.2,-21.6,-26.9,-38.3,-22.6,-27.9,-27.4,-42.1
20261008-164718-f00-nivel-10cm,2.7080,-20.2,-16.2,-12.6,-20.5,-40.4,-27.4,-22.4,-35.2,-27.0,-26.0,-35.2,-27.7,-22.5,-35.7,-29.5,-40.1
20261008-164718-f00-nivel-10cm,2.7100,-22.3,-12.7,-13.5,-18.1,-22.9,-20.5,-16.0,-15.2,-18.2,-29.0,-33.2,-38.7,-25.2,-27.7,-34.7,-47.8
20261008-164718-f00-nivel-10cm,2.7120,-25.3,-10.1,-23.1,-21.1,-23.4,-18.8,-10.6,-5.9,-14.3,-25.3,-30.2,-32.2,-30.2,-45.3,-33.2,-49.0
20261008-164718-f00-nivel-10cm,2.7140,-18.6,-10.6,-19.6,-30.5,-27.7,-23.2,-12.7,-3.1,-13.2,-22.4,-28.5,-34.0,-33.8,-30.5,-30.5,-44.2
20261008-164718-f00-nivel-10cm,2.7160,-20.6,-12.8,-27.8,-49.4,-33.8,-28.1,-15.0,-2.8,-19.3,-20.9,-31.9,-48.3,-31.9,-38.9,-29.5,-39.2
20261008-164718-f00-nivel-10cm,2.7180,-41.2,-14.6,-25.5,-32.3,-40.6,-41.4,-17.4,-2.7,-11.7,-24.5,-28.6,-32.0,-34.7,-41.7,-32.6,-43.2
20261008-164718-f00-nivel-10cm,2.7200,-21.9,-15.7,-23.6,-34.1,-40.3,-39.9,-14.3,-2.7,-14.8,-31.6,-35.2,-44.6,-36.5,-49.4,-35.6,-53.9
