stem,modo,baud,gain,fec_repeat,bytes,acerto_bits,bloco_ok,pico_rx,rms_rx,sincronismo,periodo,span_simbolos,span_json,acerto_bits_gate,bloco_ok_gate
20261008-184232-h03-2fsk-r1,fsk2,100,0.5,1,48,98.92,1,0.1822,0.0558,duas varreduras,479.998,1333.0,1333.0,98.75,1
20261008-184258-h03-16fsk-r1,mary,100,0.5,1,48,99.0,1,0.1723,0.0346,duas varreduras,479.998,433.0,433.0,98.25,1
20261008-184339-h03-votada-r1,mfsk,100,0.5,1,48,99.83,1,0.1166,0.0297,,,,,,
20261008-184444-h03-votada-r2,mfsk,100,0.5,1,48,98.75,1,0.1196,0.0274,,,,,,
20261008-184530-h03-16fsk-r2,mary,100,0.5,1,48,97.34,1,0.1912,0.0368,duas varreduras,479.998,433.0,433.0,96.84,1
20261008-184635-h03-2fsk-r2,fsk2,100,0.5,1,48,100.0,1,0.1509,0.0498,duas varreduras,479.997,1333.0,1333.0,99.67,1
20261008-184735-h03-2fsk-r3,fsk2,100,0.5,1,48,100.0,1,0.1429,0.0488,duas varreduras,479.997,1333.0,1333.0,99.17,1
20261008-184820-h03-16fsk-r3,mary,100,0.5,1,48,83.35,0,0.1611,0.0337,duas varreduras,480.0,433.0,433.0,80.85,0
20261008-184912-h03-votada-r3,mfsk,100,0.5,1,48,98.92,1,0.1124,0.0255,,,,,,
20261008-184959-h03-votada-r4,mfsk,100,0.5,1,48,99.42,1,0.1019,0.0222,,,,,,
20261008-185056-h03-16fsk-r4,mary,100,0.5,1,48,97.17,1,0.2009,0.0424,duas varreduras,479.998,433.0,433.0,95.42,0
20261008-185159-h03-2fsk-r4,fsk2,100,0.5,1,48,99.58,1,0.2041,0.0487,duas varreduras,480.05,1333.0,1333.0,98.42,1
