simbolo,llr0
0,-1.5788
1,0.6915
2,-0.8217
3,0.5965
4,0.4549
5,0.5114
6,0.8333
7,0.1009
8,-0.1933
9,-0.9466
10,-0.9554
11,-1.1100
12,-0.6775
13,0.1377
14,0.6223
15,-0.8240
16,-0.8889
17,-1.1782
18,0.4331
19,-0.8076
20,-0.0478
21,0.7964
22,0.6392
23,-1.3058
24,0.3799
25,-0.5192
26,0.1187
27,0.6483
28,0.5489
29,0.1675
30,-0.2361
31,-0.3844
32,-1.5501
33,0.5884
34,0.4231
35,0.3110
36,-0.0217
37,-0.1635
38,0.1813
39,0.6112
40,0.6785
41,0.6668
42,0.6582
43,0.6351
44,0.5929
45,0.4154
46,0.1937
47,-0.4939
48,0.1591
49,0.0958
50,-0.5682
51,0.7496
52,-1.2003
53,0.7488
54,0.6978
55,0.6988
56,0.6727
57,0.6282
58,-0.0784
59,-0.8644
60,0.5814
61,0.5843
62,0.6521
63,0.6510
64,0.6565
65,0.5990
66,-0.5381
67,0.3981
68,0.7150
69,0.5303
70,-0.0170
71,-0.5185
72,0.7223
73,0.4665
74,0.9427
75,0.5931
76,0.6526
77,0.7283
78,0.5832
79,0.6429
80,-0.0228
81,-0.1265
82,0.6300
83,0.6619
84,0.4623
85,0.6769
86,-1.4086
87,0.2627
88,0.7267
89,0.4842
90,-1.0896
91,0.7791
92,0.5147
93,0.5547
94,0.8561
95,-0.9153
96,-0.0575
97,0.6542
98,0.5324
99,0.5953
100,0.7432
101,-1.2144
102,0.9956
103,0.6400
104,0.3795
105,-0.9760
106,0.2966
107,0.4267
108,0.5274
109,0.8053
110,0.6554
111,-0.2097
112,-0.1692
113,0.6103
114,0.6503
115,0.5928
116,0.6002
117,0.9162
118,-0.2399
119,0.4470
120,0.5603
121,0.0606
122,0.7043
123,0.5914
124,0.5212
125,-0.3210
126,0.0736
127,0.5492
128,0.6607
129,0.6420
130,0.5799
131,0.6188
132,0.3907
133,-0.1642
134,-1.2569
135,0.5666
136,0.7353
137,-0.7388
138,-0.0212
139,-0.9050
140,0.1970
141,0.5357
142,0.5440
143,0.6221
144,0.6836
145,0.7452
146,0.6238
147,0.2231
148,0.3261
149,0.4480
150,0.6796
151,0.6946
152,0.5934
153,0.5141
154,-1.1345
155,-0.7629
156,-0.0629
157,-0.2239
158,0.6540
159,0.3856
160,-1.1477
161,-0.2663
162,0.6587
163,0.5282
164,0.6538
165,0.6408
166,0.4468
167,0.2167
168,-0.2184
169,0.6891
170,0.6847
171,0.5420
172,0.5162
173,0.4576
174,0.7165
175,0.1192
176,0.4140
177,0.2196
178,0.5715
179,0.7032
180,0.7345
181,0.3059
182,-0.9430
183,0.1074
184,0.2958
185,0.6623
186,0.7194
187,0.6428
188,-0.0327
189,0.7870
190,0.7897
191,0.8215
192,-0.1600
193,0.7614
194,0.5985
195,0.7184
196,0.2032
197,0.0689
198,0.6205
199,0.6135
200,0.6267
201,0.6918
202,0.2033
203,-1.1994
204,0.2307
205,0.6032
206,0.7031
207,0.5555
208,-0.0290
209,0.2158
210,0.6650
211,0.5549
212,0.5817
213,0.2415
214,-1.0603
215,0.6386
216,0.6320
217,0.3561
218,0.8211
219,0.5409
220,0.3168
221,0.7051
222,0.8118
223,0.8570
224,-0.0268
225,0.7304
226,0.6609
227,0.3353
228,-0.9208
229,-0.3706
230,0.3310
231,0.6144
232,0.8094
233,0.5881
234,0.3613
235,-0.9010
236,0.4534
237,0.5021
238,-0.3110
239,-0.8102
240,-1.0130
241,0.3829
242,-1.0300
243,-0.0167
244,0.6617
245,0.6711
246,0.6273
247,0.6609
248,0.1624
249,-0.9852
250,0.4966
251,0.6250
252,0.6628
253,0.6342
254,0.6094
255,0.7236
256,1.5520
257,0.4464
258,0.4457
259,-0.7604
260,0.8300
261,0.5185
262,0.9430
263,-0.0157
264,0.4015
265,0.6561
266,0.6044
267,0.6380
268,0.6309
269,0.2415
270,-1.2700
271,0.3521
272,0.6635
273,0.6490
274,0.5188
275,0.6317
276,-0.2774
277,-0.4368
278,-0.1856
279,0.6477
280,0.8209
281,0.5226
282,0.6999
283,-0.2949
284,0.6683
285,0.5856
286,0.3372
287,0.5818
288,0.6762
289,0.6024
290,0.3888
291,-1.0087
292,-0.2649
293,0.4758
294,0.5772
295,0.5321
296,0.7107
297,0.3815
298,0.6090
299,0.3797
300,0.5661
301,0.7797
302,0.3774
303,0.0266
304,0.8855
305,-0.2223
306,0.3918
307,0.7128
308,0.6334
309,0.6818
310,0.6559
311,0.3186
312,-1.1761
313,0.6645
314,0.6608
315,-0.3193
316,-0.3248
317,-0.3304
318,-0.5902
319,0.6755
320,0.6090
321,0.7297
322,0.5812
323,0.6307
324,0.6328
325,-0.1772
326,-0.9613
327,0.7553
328,0.6848
329,0.6901
330,0.4266
331,0.0613
332,-0.5337
333,0.6376
334,0.6917
335,0.1506
336,0.6380
337,-1.0883
338,0.9561
339,-0.7492
340,0.9696
341,0.4765
342,0.6160
343,0.2752
344,0.3730
345,0.5993
346,1.3747
347,0.2477
348,0.4530
349,0.6334
350,0.5983
351,0.5709
352,-0.1114
353,0.4762
354,0.6560
355,0.6688
356,0.4277
357,0.3506
358,0.7593
359,0.1516
360,0.3026
361,-0.0440
362,1.4219
363,0.7140
364,0.5264
365,-1.1231
366,-0.2618
367,0.6613
368,0.4573
369,0.6246
370,0.6882
371,0.5254
372,-0.6285
373,-0.2703
374,0.6967
375,0.6698
376,0.6491
377,0.4875
378,0.9004
379,0.5410
380,-0.4201
381,-1.4014
382,0.2654
383,0.6466
384,0.5365
385,0.9450
386,0.8837
387,0.5356
388,0.5045
389,0.6563
390,0.6995
391,0.6975
392,0.5721
393,0.7072
394,0.4018
395,0.6174
396,0.6546
397,0.6304
398,0.6266
399,-0.1737
400,-1.0164
401,0.6714
402,0.9831
403,-0.4500
404,0.8895
405,-0.5167
406,0.1262
407,0.2521
408,0.4198
409,0.2040
410,0.0476
411,0.2122
412,0.1678
413,0.0328
414,-0.5057
415,-0.0436
416,-0.0367
417,-0.0006
418,0.0449
419,-0.0329
420,0.2539
421,-0.0258
422,0.1053
423,-0.0078
424,0.0731
425,-0.0071
426,0.0830
427,0.0589
428,0.0696
429,-0.0599
430,0.2244
431,-0.0222
432,0.1242
433,-0.0670
434,1.3784
435,-0.0349
436,-0.4164
437,-0.0340
438,0.5823
439,0.0004
440,-0.2172
441,0.0158
442,0.7566
443,-0.1619
444,0.2324
445,-0.0175
446,0.3422
447,-0.0025
448,0.0288
449,-0.3981
450,0.4670
451,-0.0022
452,0.4327
453,0.5250
454,0.0366
455,0.0518
456,0.1959
457,-0.3669
458,0.0655
459,0.9791
460,0.0479
461,-0.4773
462,0.0743
463,-1.1466
464,0.0372
465,-0.5028
466,-0.9183
467,-1.0941
468,-0.8337
469,-1.0231
470,-1.0958
471,-1.0040
472,-0.8062
473,-1.1029
474,0.7688
475,-0.8770
476,-0.9733
477,-0.9106
478,-0.8389
479,-1.1068
480,1.1009
481,-1.1736
482,0.1590
483,-0.8938
484,0.1436
485,-1.1162
486,0.8445
487,-0.9927
488,1.1334
489,-1.1667
490,-0.7854
491,-0.8283
492,-0.4491
493,-0.9017
494,-0.9169
495,-0.7738
496,-0.3787
497,0.9322
498,-0.5527
499,-0.3039
500,-0.7636
501,-0.9334
502,-0.6315
503,-0.5390
504,-0.6191
505,-0.5694
506,-1.0510
507,-0.8010
508,-0.6880
509,-0.4752
510,-0.4000
511,1.1001
512,-1.3175
513,-0.5756
514,0.3275
515,-0.5533
516,-0.9707
517,-0.3219
518,-0.1159
519,-0.1635
520,-0.0025
521,-0.8276
522,-0.0541
523,0.2313
524,-1.5010
525,-0.0590
526,-1.0256
527,0.5335
528,0.1124
529,0.1591
530,0.7584
531,0.0892
532,-1.2171
533,-0.2951
534,0.5169
535,-1.4116
536,-0.4020
537,-0.1151
538,-1.1777
539,0.0377
540,-0.0868
541,-0.1152
542,-0.3109
543,-0.8540
544,0.1750
545,0.1670
546,0.0646
547,-0.0307
548,0.0213
549,0.2419
550,0.1587
551,-0.1541
552,0.2142
553,0.0837
554,-0.5387
555,-0.1878
556,-1.1984
557,0.3444
558,0.0618
559,0.3313
560,0.2496
561,0.1629
562,0.0691
563,-1.0207
564,0.0409
565,-0.3792
566,0.4167
567,-1.3717
568,0.1171
569,0.3255
570,-0.0716
571,0.0240
572,0.4423
573,0.1981
574,-0.9486
575,0.5296
576,-0.3627
577,0.3881
578,0.2775
579,0.1731
580,-0.0080
581,-0.1299
582,-0.8436
583,-0.9768
584,-0.8450
585,0.0085
586,0.0005
587,-0.0049
588,-0.0925
589,0.1599
590,0.1947
591,1.2035
592,-0.0040
593,0.9543
594,-0.0908
595,0.1057
596,1.2153
597,0.1549
598,-0.1086
599,-1.5353
600,-0.0513
601,0.2665
602,0.7230
603,0.0742
604,0.1204
605,0.0843
606,-1.4838
607,0.0260
608,0.1877
609,0.1102
610,-0.0078
611,0.0119
612,0.1099
613,1.1261
614,0.1219
615,0.1885
616,0.1056
617,-0.1364
618,-0.0463
619,0.1688
620,-0.0756
621,0.1405
622,0.0853
623,-0.1373
624,-1.3337
625,-0.1209
626,-0.1101
627,0.0596
628,-0.3076
629,-0.0723
630,-0.7414
631,0.1355
632,1.0596
633,0.1097
634,0.4439
635,-0.0400
636,0.7065
637,-0.3346
638,0.1061
639,-0.1013
640,0.3430
641,1.1379
642,0.1365
643,-0.1086
644,0.0496
645,0.3527
646,-0.9707
647,0.2229
648,-0.5298
649,0.0262
650,0.8903
651,-1.0652
652,0.4326
653,0.7684
654,-0.1001
655,-0.1112
656,-0.1915
657,0.2101
658,-0.0012
659,0.1911
660,-0.9910
661,0.3465
662,1.0153
663,-1.2160
664,1.0889
665,0.9594
666,0.1787
667,0.0376
668,0.0719
669,0.1216
670,-0.3535
671,-0.0008
672,-1.4787
673,0.6500
674,-0.5615
675,-0.3038
676,0.0087
677,1.2100
678,0.0255
679,-0.3470
680,0.1486
681,-0.4959
682,0.0491
683,0.0641
684,-0.3062
685,-0.9923
686,0.0482
687,1.0501
688,-0.1746
689,-0.1608
690,-0.0045
691,-0.0630
692,-1.5710
693,0.5263
694,0.0318
695,-1.4609
696,-0.0905
697,-0.2110
698,-0.1765
699,-0.1673
700,0.3057
701,-1.2449
702,0.3563
703,0.1020
704,0.2528
705,0.0311
706,1.1461
707,0.3246
708,0.0102
709,0.2885
710,1.0427
711,1.1427
712,0.1388
713,0.3780
714,0.0657
715,-0.9041
716,0.0102
717,0.0574
718,0.0255
719,0.9637
720,0.5508
721,0.5958
722,0.5994
723,0.1293
724,-0.3580
725,0.1771
726,-0.7307
727,-0.1247
728,-0.5523
729,0.0965
730,0.5366
731,-1.4214
732,0.0653
733,0.2427
734,0.5581
735,0.3601
736,0.2361
737,0.0094
738,-0.0078
739,0.4942
740,-0.5224
741,0.2356
742,0.1179
743,0.4167
744,0.1019
745,0.4347
746,-0.0643
747,0.4632
748,0.0313
749,0.5029
750,0.7879
751,0.0026
752,0.0321
753,-0.0903
754,0.1751
755,-0.1098
756,0.6680
757,0.4323
758,0.7295
759,-0.0705
760,-0.3446
761,0.2119
762,-0.5758
763,0.0098
764,-0.0831
765,0.3597
766,0.4203
767,-1.0626
768,-0.0098
769,0.0714
770,-1.0064
771,0.1758
772,0.0886
773,0.1616
774,-0.0012
775,-0.9634
776,-0.1676
777,0.1132
778,0.1764
779,-0.0578
780,-1.0141
781,-0.0657
782,0.5596
783,0.0682
784,0.3554
785,0.0420
786,0.0331
787,1.1838
788,0.9105
789,0.1935
790,-0.9477
791,0.0420
792,-1.4119
793,0.0192
794,-0.5054
795,0.1729
796,0.8154
797,0.2100
798,-0.0327
799,-0.4482
800,0.8346
801,-0.7185
802,-1.3764
803,-0.7452
804,0.8530
805,0.0486
806,0.5008
807,0.1942
808,-0.0138
809,-0.5541
810,0.0420
811,0.0682
812,-0.1398
813,-0.2714
814,0.1768
815,-0.2139
816,0.0528
817,-0.0677
818,-0.1546
819,-0.1182
820,0.0436
821,-0.0369
822,-0.5335
823,0.5239
824,0.2395
825,-0.0641
826,0.0168
827,-0.0335
828,0.3284
829,0.2673
830,-0.8357
831,1.1203
832,1.2304
833,-1.0253
834,0.2230
835,0.0185
836,-0.4361
837,0.1888
838,-0.2490
839,0.2273
840,-0.5529
841,0.1487
842,0.1014
843,-0.1429
844,0.3854
845,-0.3791
846,0.4362
847,-0.1820
848,-0.3852
849,-0.3309
850,0.3703
851,0.4377
852,-1.3990
853,0.0063
854,-0.1863
855,-0.2233
856,0.3068
857,-0.3313
858,-1.6113
859,-0.4628
860,-0.5947
861,0.1608
862,-0.6295
863,0.1520
864,-1.0849
865,0.6705
866,-0.4315
867,0.1331
868,1.2821
869,0.0579
870,-0.2500
871,0.0590
872,1.0736
873,0.2280
874,-1.1201
875,0.1021
876,-0.2750
877,-0.1225
878,0.1665
879,0.2227
880,-0.7777
881,-0.5954
882,0.0420
883,0.2398
884,0.2197
885,0.1329
886,0.0894
887,-1.0455
888,-0.0321
889,0.0899
890,0.3331
891,-0.0391
892,-0.0167
893,0.9273
894,0.0546
895,1.0014
896,0.7330
897,-0.2283
898,1.0532
899,-0.4151
900,-0.0717
901,0.3780
902,1.0927
903,-0.1633
904,-1.0177
905,-1.1587
906,-0.2326
907,-0.8373
908,0.0787
909,0.4049
910,-0.0418
911,0.1498
912,0.9920
913,0.0663
914,-0.4796
915,-0.0430
916,-0.1386
917,-0.1243
918,0.0237
919,-1.0679
920,-0.0764
921,0.3799
922,-0.4419
923,0.1536
924,0.0381
925,-0.5021
926,1.3325
927,0.9546
928,-0.1016
929,0.6790
930,1.1602
931,-1.0997
932,0.3257
933,-0.3436
934,-1.1010
935,0.0606
936,0.0393
937,-0.0719
938,-0.0660
939,0.1361
940,0.0890
941,-0.9868
942,0.6415
943,0.6450
944,-1.2866
945,0.5950
946,0.1360
947,0.1404
948,-0.8397
949,-0.0205
950,-0.0089
951,0.0523
952,0.0613
953,-0.1667
954,0.7833
955,0.5136
956,0.0053
957,0.0591
958,-0.2210
959,0.0727
960,0.5131
961,0.2380
962,1.1425
963,0.2129
964,0.0701
965,0.0070
966,-0.1599
967,-0.0325
968,-0.3998
969,-1.4386
970,1.4106
971,0.0321
972,0.0913
973,-0.1292
974,0.3041
975,-0.6854
976,-0.1835
977,-0.0006
978,0.0092
979,0.0049
980,0.6851
981,-0.2842
982,0.3298
983,0.0917
984,-0.0261
985,-0.9254
986,0.0114
987,0.0497
988,0.3260
989,-0.0062
990,0.1259
991,0.4435
992,-1.4431
993,0.0440
994,0.0791
995,-0.0777
996,0.1082
997,0.1872
998,0.0415
999,0.4910
1000,1.0387
1001,-0.6079
1002,-0.3009
1003,0.5329
1004,-0.1535
1005,-0.1822
1006,-0.3461
1007,0.0984
1008,-0.1649
1009,-0.0154
1010,-0.8374
1011,-0.1756
1012,0.9349
1013,1.0425
1014,-1.0640
1015,0.0279
1016,-0.0782
1017,1.3008
1018,-1.3713
1019,-0.2232
1020,-1.4243
1021,0.0507
1022,-0.9149
1023,-0.3221
1024,-0.4402
1025,-0.8008
1026,-0.0002
1027,-0.2844
1028,-0.0346
1029,0.0656
1030,-0.0847
1031,-0.5424
1032,0.8684
1033,0.0565
1034,-0.3850
1035,-0.2037
1036,0.3300
1037,-0.2640
1038,-0.0005
1039,-0.2992
1040,0.2337
1041,-0.0121
1042,1.0391
1043,0.0333
1044,-0.3015
1045,1.2377
1046,-1.2995
1047,-0.6471
1048,-0.1015
1049,0.3256
1050,-1.0609
1051,-0.6194
1052,-0.9311
1053,0.0597
1054,0.0427
1055,0.0117
1056,0.0404
1057,-0.1015
1058,-0.6246
1059,0.6284
1060,-0.0769
1061,0.1141
1062,0.2540
1063,0.0211
1064,-0.1541
1065,-0.0329
1066,1.0718
1067,-0.1788
1068,-0.0754
1069,-0.9957
1070,-0.2209
1071,-0.0278
1072,-0.0968
1073,-0.0465
1074,-0.1517
1075,0.9814
1076,-1.4492
1077,0.0377
1078,-0.1355
1079,-0.6412
1080,0.0625
1081,-0.2265
1082,0.7639
1083,-0.0111
1084,0.1005
1085,-0.2564
1086,-0.0272
1087,0.2184
1088,-0.3998
1089,-0.1262
1090,-0.0873
1091,0.0883
1092,0.7370
1093,-0.3174
1094,-0.0130
1095,-0.0605
1096,0.1971
1097,-0.1552
1098,-0.0797
1099,-0.1834
1100,-0.3562
1101,-0.0740
1102,-0.2693
1103,-1.6008
1104,0.0837
1105,1.3185
1106,-0.0766
1107,-0.1094
1108,0.0376
1109,0.3005
1110,1.1365
1111,-0.1276
1112,-0.0890
1113,0.5286
1114,0.0238
1115,-0.8016
1116,-0.5242
1117,0.1161
1118,-0.1451
1119,-0.3609
1120,0.5950
1121,-0.5538
1122,-0.2992
1123,-0.0278
1124,0.0245
1125,0.4137
1126,-0.8141
1127,-0.0317
1128,-0.6052
1129,0.2698
1130,0.9520
1131,-0.4985
1132,-0.5814
1133,-0.6302
1134,0.0300
1135,0.6315
1136,-0.0190
1137,0.8450
1138,0.5302
1139,0.2786
1140,-0.1091
1141,-0.2203
1142,0.9137
1143,-0.0287
1144,1.0224
1145,0.7999
1146,0.0176
1147,-0.0858
1148,0.0491
1149,0.0957
1150,-0.0825
1151,0.2820
1152,-0.6492
1153,-0.0711
1154,-0.1036
1155,-0.0183
1156,0.0815
1157,0.3678
1158,0.2738
1159,0.0727
1160,0.1843
1161,0.1743
1162,0.0462
1163,-0.0172
1164,-0.1628
1165,-0.3632
1166,0.0692
1167,0.1501
1168,0.1758
1169,0.1620
1170,0.3729
1171,-0.4523
1172,-0.9381
1173,0.0501
1174,-0.0209
1175,-1.3256
1176,-0.1541
1177,1.2405
1178,-0.0866
1179,-0.0105
1180,1.2293
1181,0.0050
1182,-0.0374
1183,0.1521
1184,-0.0861
1185,-1.2204
1186,0.0335
1187,0.0340
1188,-0.0567
1189,-0.2720
1190,-0.0992
1191,-0.1176
1192,-0.1802
1193,0.0262
1194,0.5952
1195,-0.5612
1196,-0.1106
1197,0.2461
1198,-0.1091
1199,-0.0980
1200,0.5831
1201,-0.0052
1202,0.1368
1203,-0.0351
1204,-0.1188
1205,0.3290
1206,-0.9112
1207,-0.1274
1208,0.1022
1209,-1.5201
1210,-0.0871
1211,0.7172
1212,0.9593
1213,1.1499
1214,0.0524
1215,0.1774
1216,1.1686
1217,-1.4559
1218,-0.2453
1219,0.6418
1220,-1.3750
1221,-0.0644
1222,0.2757
1223,0.3436
1224,0.0903
1225,0.4834
1226,0.4444
1227,-0.5837
1228,-0.0735
1229,-0.2918
1230,0.1205
1231,-1.5617
1232,-0.3514
1233,0.3744
1234,-0.3338
1235,0.5056
1236,0.0976
1237,1.3235
1238,-0.1873
1239,-0.1983
1240,-0.0908
1241,0.3675
1242,-0.1887
1243,-0.1663
1244,1.3945
1245,1.4420
1246,-0.5226
1247,0.0462
1248,-0.1270
1249,-1.1691
1250,-0.1977
1251,-0.8595
1252,-1.5711
1253,-1.8401
1254,0.9067
1255,-0.0142
1256,0.6112
1257,-0.1445
1258,0.3711
1259,-0.9554
1260,-0.0418
1261,-0.0898
1262,-0.1590
1263,0.0326
1264,0.0435
1265,-0.1060
1266,0.0415
1267,-0.0706
1268,-1.6380
1269,-0.5015
1270,0.1332
1271,-1.5004
1272,1.7437
1273,-1.3964
1274,-1.4648
1275,0.1187
1276,-0.1088
1277,-0.0947
1278,0.1825
1279,-0.9170
1280,-0.0202
1281,-0.8321
1282,0.1607
1283,-0.8221
1284,0.0408
1285,-0.0810
1286,-0.1704
1287,-0.5126
1288,-0.1218
1289,-0.0457
1290,0.1093
1291,0.0305
1292,-0.2714
1293,-0.3166
1294,1.0553
1295,0.8818
1296,-0.4273
1297,-0.5367
1298,-0.1260
1299,-0.7923
1300,-0.1870
1301,0.2698
1302,0.8837
1303,0.4539
1304,-0.6427
1305,0.0255
1306,-1.4054
1307,-0.2418
1308,0.0391
1309,-1.2752
1310,-0.1139
1311,-0.3394
1312,-1.4790
1313,-0.0735
1314,-0.3366
1315,-0.5183
1316,-0.1115
1317,-0.2385
1318,-0.2916
1319,-0.0029
1320,-0.7766
1321,0.0119
1322,0.5031
1323,-0.0580
1324,-0.5842
1325,-0.1960
1326,-0.2439
1327,-0.0043
1328,-0.1574
1329,-0.2661
1330,-0.3837
1331,0.2919
1332,-1.1132
1333,-0.3309
1334,0.5843
1335,-0.0937
1336,0.0925
1337,0.0125
1338,-0.4891
1339,-0.2425
1340,0.1947
1341,0.9395
1342,-1.2566
1343,0.4837
1344,1.1794
1345,0.4969
1346,0.3953
1347,-0.4890
1348,0.2235
1349,0.0077
1350,0.2430
1351,0.8281
1352,-0.1118
1353,-0.1516
1354,-1.2086
1355,-1.2345
1356,-1.0802
1357,0.4190
1358,-0.1039
1359,-0.8959
1360,-1.1009
1361,-0.2384
1362,1.0058
1363,0.9368
1364,-0.1367
1365,-0.1889
1366,-0.5234
1367,0.8534
1368,-0.0317
1369,0.1596
1370,1.1085
1371,-0.6805
1372,0.9145
1373,0.3895
1374,-1.4228
1375,-0.7309
1376,0.9221
1377,-0.4165
1378,-0.1992
1379,-0.1228
1380,-0.6011
1381,-1.3837
1382,-1.7508
1383,-1.5178
1384,-1.1630
1385,0.5066
1386,-0.0999
1387,-0.2132
1388,-1.2287
1389,-1.1147
1390,0.4791
1391,0.0236
1392,0.3204
1393,0.5665
1394,0.2510
1395,-1.2262
1396,0.4331
1397,-0.6302
1398,-1.0711
1399,-0.6770
1400,0.1401
1401,0.0141
1402,-0.8865
1403,-1.2837
1404,-0.8796
1405,0.1083
1406,0.1226
1407,-1.1623
1408,-0.4968
1409,0.5374
1410,-1.5487
1411,-0.1074
1412,-1.3161
1413,0.1353
1414,-0.8788
1415,0.1762
1416,0.1794
1417,-1.6196
1418,-1.2620
1419,-0.3247
1420,-0.6706
1421,-0.2818
1422,1.1373
1423,-1.5796
1424,0.0854
1425,-0.3552
1426,0.7072
1427,1.0338
1428,-0.3951
1429,-0.5131
1430,-0.3376
1431,0.1144
1432,-0.8314
1433,-1.5385
1434,0.9095
1435,0.9628
1436,-1.1403
1437,-0.1124
1438,-1.1097
1439,-0.0375
1440,-0.3937
1441,-0.2165
1442,0.7689
1443,-1.7415
1444,-1.3770
1445,0.1514
1446,0.7737
1447,-1.7456
1448,0.1921
1449,0.8022
1450,0.8434
1451,0.6029
1452,0.9351
1453,0.9832
1454,-0.0817
1455,-0.6055
1456,0.4538
1457,-0.7014
1458,0.9684
1459,-1.2158
1460,0.0322
1461,1.1780
1462,-0.7348
1463,0.1278
1464,-1.2711
1465,1.0972
1466,-0.0316
1467,0.9627
1468,0.0117
1469,0.9500
1470,-0.0810
1471,-1.0316
1472,-0.5789
1473,-0.7900
1474,-0.5740
1475,-0.4998
1476,0.9400
1477,-1.3517
1478,-0.0303
1479,0.9397
1480,-1.3335
1481,-1.2258
1482,-0.0339
1483,-1.1764
1484,0.1212
1485,0.1183
1486,0.6818
1487,-1.5170
1488,-0.0798
1489,-0.8620
1490,0.0701
1491,0.1163
1492,-1.4613
1493,-0.6013
1494,0.6526
1495,-0.9271
1496,0.3455
1497,0.8127
1498,-1.0118
1499,0.1524
1500,0.7703
1501,0.1879
1502,0.6150
1503,0.3342
1504,0.5535
1505,0.6117
1506,0.6514
1507,0.6729
1508,0.2449
1509,-0.2817
1510,0.2921
1511,-1.3946
1512,-0.4085
1513,0.2529
1514,0.0146
1515,-0.1570
1516,-1.5703
1517,0.5622
1518,0.0610
1519,0.5403
1520,-1.2211
1521,0.7465
1522,-0.5554
1523,-1.0921
1524,-1.1830
1525,0.5794
1526,0.5394
1527,-1.6966
1528,-0.1772
1529,-1.2712
1530,1.3779
1531,-0.4119
1532,0.4812
1533,-1.3521
1534,-1.3578
1535,-0.1070
1536,-0.4978
1537,0.8571
1538,1.2942
1539,0.5604
1540,0.7007
1541,0.6952
1542,0.3401
1543,-0.2551
1544,-0.9949
1545,0.4587
1546,0.5911
1547,0.0935
1548,0.9658
1549,-0.9747
1550,-1.6883
1551,-1.0944
1552,0.0897
1553,0.6416
1554,0.5432
1555,0.6387
1556,0.5258
1557,-1.4525
1558,-0.0454
1559,-0.0580
1560,0.6590
1561,0.1343
1562,0.7800
1563,0.6692
1564,-0.1596
1565,-0.7364
1566,0.4981
1567,0.6963
1568,-0.5159
1569,-1.6022
1570,-0.7626
1571,-0.9050
1572,-0.1159
1573,-0.2212
1574,1.2558
1575,-0.2838
1576,-0.0227
1577,0.1929
1578,-0.5788
1579,0.8782
1580,-0.6811
1581,0.8501
1582,0.5141
1583,0.7894
1584,0.6327
1585,0.4657
1586,0.7190
1587,0.5824
1588,0.6401
1589,-0.6029
1590,-0.5217
1591,-1.2906
1592,0.5043
1593,-0.0938
1594,0.8724
1595,-0.1458
1596,0.8850
1597,1.0057
1598,-1.1748
1599,0.5451
1600,0.7113
1601,0.4310
1602,0.6165
1603,0.8763
1604,-0.0269
1605,0.1624
1606,0.5878
1607,0.6583
1608,0.5427
1609,0.1184
1610,1.2309
1611,0.5441
1612,0.5645
1613,0.5166
1614,-0.1693
1615,-0.1537
1616,-0.1813
1617,0.6447
1618,-0.1371
1619,0.9451
1620,0.5125
1621,0.6230
1622,0.5120
1623,0.8194
1624,-0.2261
1625,-0.3614
1626,0.3882
1627,0.6246
1628,0.6294
1629,0.6611
1630,0.6350
1631,0.4693
1632,0.4576
1633,-0.2955
1634,0.2405
1635,0.3294
1636,0.0187
1637,-0.0876
1638,0.4672
1639,0.0776
1640,0.7306
1641,0.7632
1642,0.5449
1643,0.6671
1644,0.3675
1645,-0.2869
1646,0.6581
1647,0.9049
1648,0.7010
1649,0.6023
1650,0.5150
1651,0.5100
1652,0.3384
1653,-0.3963
1654,-0.0299
1655,-1.3509
1656,0.6980
1657,0.7297
1658,0.3571
1659,0.6370
1660,-1.4108
1661,0.5218
1662,0.5797
1663,0.7818
1664,0.6313
1665,0.6280
1666,0.2844
1667,0.4994
1668,0.8472
1669,0.6537
1670,0.5422
1671,0.1990
1672,-0.1895
1673,-0.3534
1674,0.7194
1675,-0.2506
1676,-1.1444
1677,0.4911
1678,0.3083
1679,-0.6400
1680,1.0208
1681,0.6268
1682,0.6632
1683,0.6658
1684,0.6272
1685,0.4868
1686,-0.2870
1687,-1.1775
1688,0.7025
1689,0.8438
1690,0.4977
1691,0.5296
1692,0.8020
1693,0.4159
1694,0.6575
1695,0.8128
1696,-0.8077
1697,0.6199
1698,0.4801
1699,0.6956
1700,0.9033
1701,0.0391
1702,-0.1734
1703,0.5317
1704,0.5964
1705,0.4156
1706,0.1625
1707,0.5699
1708,0.8040
1709,0.7309
1710,0.6952
1711,-0.0851
1712,1.2763
1713,-0.3378
1714,0.6569
1715,0.7731
1716,-0.6186
1717,-0.3687
1718,0.2540
1719,-0.9957
1720,0.0124
1721,-0.0226
1722,0.5271
1723,0.7261
1724,0.7461
1725,0.2879
1726,0.8258
1727,1.3028
1728,0.3415
1729,0.4684
1730,0.6174
1731,0.6109
1732,0.4670
1733,-0.0834
1734,0.3308
1735,0.8102
1736,0.5751
1737,-0.3014
1738,0.7307
1739,0.6729
1740,0.4748
1741,0.1967
1742,0.5760
1743,0.2242
1744,0.6396
1745,0.5913
1746,0.2710
1747,-0.0490
1748,-0.2745
1749,-0.0843
1750,0.6363
1751,0.5829
1752,0.4429
1753,0.2583
1754,-1.2634
1755,0.6061
1756,0.4277
1757,0.4531
1758,-0.8218
1759,-0.3431
1760,-1.2625
1761,1.0009
1762,0.6066
1763,-0.1839
1764,0.7160
1765,0.6586
1766,0.5727
1767,0.5019
1768,-1.0231
1769,0.2473
1770,0.7738
1771,0.6331
1772,0.8335
1773,0.5665
1774,-0.9746
1775,0.5115
1776,0.7475
1777,-0.7235
1778,0.5395
1779,0.6948
1780,0.8529
1781,0.5474
1782,1.0523
1783,0.9946
1784,0.7100
1785,0.5265
1786,0.7449
1787,0.6724
1788,0.7957
1789,-0.2596
1790,-0.9203
1791,0.7354
1792,0.3291
1793,-1.1756
1794,-0.7099
1795,0.0065
1796,0.0418
1797,0.2773
1798,0.3720
1799,0.5455
1800,0.6136
1801,0.6614
1802,0.6760
1803,0.0171
1804,-0.6007
1805,0.7243
1806,0.6219
1807,0.6639
1808,0.6535
1809,0.7217
1810,-0.8849
1811,-0.1631
1812,0.4730
1813,0.6081
1814,0.0627
1815,-0.4013
1816,-0.5918
1817,-0.9004
1818,0.4158
1819,-1.6736
1820,0.8197
1821,0.7670
1822,0.7091
1823,0.6466
1824,0.1135
1825,-0.3486
1826,0.2672
1827,0.6322
1828,0.6588
1829,0.6896
1830,0.7649
1831,-0.2523
1832,-0.6378
1833,-1.2321
1834,-0.3158
1835,0.7268
1836,1.1455
1837,0.2934
1838,-1.0184
1839,-0.5432
1840,0.6682
1841,0.6099
1842,0.2707
1843,0.6463
1844,0.3827
1845,0.2194
1846,-1.1316
1847,0.2612
1848,0.7177
1849,0.7025
1850,0.5758
1851,0.5770
1852,0.0282
1853,0.7191
1854,0.6445
1855,0.3972
1856,0.6396
1857,1.4876
1858,0.7895
1859,0.8399
1860,-0.6044
1861,0.6139
1862,0.6009
1863,0.3255
1864,0.7149
1865,0.5446
1866,0.6554
1867,0.7175
1868,0.6494
1869,0.6465
1870,0.3897
1871,0.1803
1872,-0.1400
1873,0.6871
1874,0.6747
1875,0.6585
1876,0.6034
1877,0.6223
1878,0.4118
1879,0.7097
1880,0.7826
1881,1.2074
1882,1.2272
1883,-1.2437
1884,-0.6405
1885,-0.5160
1886,0.7638
1887,0.5850
1888,0.4271
1889,0.7113
1890,0.6745
1891,0.7096
1892,-1.0975
1893,0.1619
1894,0.6598
1895,0.6835
1896,0.6759
1897,0.6093
1898,0.1765
1899,-0.1634
1900,0.6173
1901,1.1213
1902,0.7127
1903,-0.1836
1904,0.6275
1905,0.5700
1906,0.4297
1907,0.6816
1908,0.6809
1909,0.5732
1910,0.6178
1911,0.7535
1912,0.2192
1913,-0.3173
1914,0.4309
1915,0.6298
1916,0.6500
1917,0.6490
1918,0.6145
1919,0.4152
1920,0.6610
1921,0.5284
1922,0.4765
1923,0.5992
1924,0.5245
1925,0.7447
1926,0.4577
1927,-0.1726
1928,0.5578
1929,0.6464
1930,0.6596
1931,0.5120
1932,0.4605
1933,-0.2278
1934,1.0150
1935,0.7055
1936,0.8195
1937,0.6043
1938,0.6704
1939,-1.0757
1940,0.6698
1941,0.2066
1942,0.6579
1943,1.2867
1944,0.2470
1945,0.6720
1946,0.7055
1947,0.6466
1948,0.0858
1949,0.2669
1950,0.6262
1951,0.7526
1952,0.0616
1953,-1.2967
1954,-0.2340
1955,0.8758
1956,0.5004
1957,0.6319
1958,0.5001
1959,0.0935
1960,-0.9583
1961,0.0558
1962,0.1995
1963,0.5390
1964,-0.7931
1965,-0.9313
1966,0.7445
1967,-0.4716
1968,-0.3096
1969,-0.6269
1970,0.3701
1971,0.6425
1972,0.6316
1973,0.5008
1974,0.0829
1975,1.0616
1976,0.4967
1977,0.8569
1978,0.5925
1979,0.2854
1980,0.1301
1981,0.6942
1982,0.5302
1983,0.5110
1984,0.6409
1985,0.6796
1986,0.1331
1987,0.6793
1988,0.6681
1989,-0.2737
1990,0.7032
1991,0.0931
1992,0.6399
1993,0.6014
1994,0.1039
1995,-0.1968
1996,0.6308
1997,0.6354
1998,0.6596
1999,0.5635
2000,0.7527
2001,1.3817
2002,0.2435
2003,0.5344
2004,0.6524
2005,-0.7595
2006,0.0103
2007,0.6059
2008,0.8027
2009,0.8322
2010,0.2465
2011,0.7712
2012,0.5430
2013,0.6041
2014,0.4843
2015,0.3310
2016,-1.0467
2017,0.5688
2018,0.5754
2019,0.6714
2020,0.0347
2021,-0.9732
2022,-0.1834
2023,0.7112
2024,-0.1876
2025,-0.3380
2026,0.4236
2027,0.7272
2028,0.3511
2029,-1.2010
2030,-0.3428
2031,0.5777
2032,0.7011
2033,0.6852
2034,0.6914
2035,0.3280
2036,-1.0522
2037,-0.1078
2038,0.6512
2039,0.7203
2040,0.6169
2041,0.2791
2042,-0.1818
2043,-1.2385
2044,0.8094
2045,0.5018
2046,-0.6297
2047,0.6532
2048,0.5192
2049,0.3805
2050,0.2316
2051,0.0433
2052,0.6501
2053,0.5905
2054,0.6779
2055,0.6664
2056,0.1584
2057,-0.4630
2058,0.5124
2059,0.6001
2060,0.5236
2061,0.6069
2062,0.5140
2063,0.8390
2064,-0.7316
2065,1.1861
2066,-0.0002
2067,0.7397
2068,0.5898
2069,0.5897
2070,0.5932
2071,-1.0479
2072,-0.0085
2073,0.7124
2074,0.7137
2075,0.7025
2076,0.5279
2077,-0.3136
2078,0.2171
2079,0.7147
2080,0.6179
2081,0.4871
2082,0.1143
2083,1.3946
2084,-1.2567
2085,0.7345
2086,0.7469
2087,-0.6370
2088,0.7213
2089,0.6767
2090,0.4248
2091,-0.4428
2092,0.2863
2093,0.2645
2094,0.6245
2095,0.6836
2096,0.2969
2097,-0.2181
2098,1.3007
2099,-0.2409
2100,0.2287
2101,0.7102
2102,0.5468
2103,0.3052
2104,-1.1363
2105,0.9447
2106,-0.8888
2107,0.4379
2108,0.6193
2109,0.6866
2110,0.6354
2111,0.7203
2112,0.6477
2113,0.1595
2114,0.5479
2115,0.6979
2116,0.3522
2117,0.6037
2118,-1.2224
2119,-0.2245
2120,0.6141
2121,0.6184
2122,0.4639
2123,-0.4900
2124,0.4202
2125,0.6272
2126,0.6771
2127,-0.1057
2128,-1.3995
2129,0.1536
2130,0.4129
2131,0.8452
2132,-1.1297
2133,0.7146
2134,0.2538
2135,0.7241
2136,0.6785
2137,0.2386
2138,-0.4833
2139,0.4220
2140,0.4630
2141,0.6825
2142,0.5591
2143,0.4758
2144,0.3167
2145,-0.6081
2146,-0.0767
2147,0.7978
2148,0.0405
2149,-0.6578
2150,0.1280
2151,0.5435
2152,-1.0476
2153,-0.1626
2154,0.6825
2155,0.7132
2156,0.5019
2157,0.7915
2158,0.3994
2159,-0.6691
2160,0.7000
2161,0.6128
2162,0.6820
2163,0.5702
2164,0.3182
2165,-0.1370
2166,-0.1143
2167,0.3676
2168,0.5613
2169,-1.0080
2170,-0.9698
2171,0.1637
2172,-1.0474
2173,-0.1073
2174,0.6904
2175,0.6756
2176,0.6741
2177,0.6121
2178,0.3818
2179,-0.0615
2180,-0.1073
2181,0.6200
2182,0.6360
2183,0.6598
2184,0.3689
2185,0.5082
2186,0.6528
2187,-0.2799
2188,0.6317
2189,0.6356
2190,0.4282
2191,0.7363
2192,0.2338
2193,-0.2896
2194,0.5743
2195,0.5617
2196,0.6776
2197,0.6991
2198,0.7214
2199,0.4219
2200,-0.9637
2201,0.1839
2202,0.6489
2203,0.6201
2204,-0.2149
2205,-1.3026
2206,-1.3708
2207,-1.6963
2208,-0.2924
2209,-0.6484
2210,-0.6482
2211,0.3169
2212,0.6202
2213,0.6089
2214,0.7532
2215,0.4123
2216,0.3573
2217,0.5958
2218,0.6501
2219,0.6556
2220,-0.2171
2221,-0.2466
2222,0.7668
2223,0.6919
2224,0.6816
2225,0.5287
2226,0.6743
2227,1.0283
2228,0.7524
2229,0.7091
2230,-1.0595
2231,0.5245
2232,0.5866
2233,0.5015
2234,0.2167
2235,-1.2228
2236,0.2908
2237,0.6252
2238,0.7010
2239,0.6284
2240,0.8763
2241,-0.2610
2242,0.0836
2243,0.3889
2244,0.6479
2245,-0.2331
2246,-0.3032
2247,-0.0033
2248,0.3684
2249,0.7117
2250,0.4598
2251,0.5958
2252,0.3211
2253,0.2309
2254,-0.7223
2255,-0.1104
2256,-1.1940
2257,-0.2599
2258,0.6380
2259,0.6812
2260,0.4038
2261,-1.1154
2262,0.5024
2263,0.5155
2264,0.5952
2265,0.6776
2266,0.7003
2267,-0.9066
2268,0.6823
2269,0.7781
2270,0.5877
2271,0.6767
2272,-1.0963
2273,0.6604
2274,-1.2023
2275,-0.1798
2276,-0.4884
2277,0.4534
2278,0.6158
2279,0.6485
2280,0.6056
2281,0.6092
2282,0.6473
2283,-0.4620
2284,0.0567
2285,0.5769
2286,0.7091
2287,0.8005
2288,-0.1015
2289,-1.2987
2290,0.4832
2291,0.6586
2292,-1.0281
2293,0.6482
2294,0.4508
2295,0.7256
2296,0.8433
2297,-0.7218
2298,0.4663
2299,0.6348
2300,0.6380
2301,1.0362
2302,-1.1555
2303,0.9861
2304,-0.0772
2305,0.6535
2306,0.6760
2307,0.6434
2308,0.4071
2309,-0.7244
2310,0.1041
2311,0.1248
2312,-0.2615
2313,0.2433
2314,-0.9772
2315,-0.8195
2316,-0.2768
2317,0.3322
2318,0.6098
2319,0.6240
2320,0.6623
2321,0.6890
2322,0.7811
2323,0.5271
2324,-0.6247
2325,0.6108
2326,0.4704
2327,0.6651
2328,0.5970
2329,0.7151
2330,0.4212
2331,0.3387
2332,0.4499
2333,0.5667
2334,0.6344
2335,0.6385
2336,0.6632
2337,0.4926
2338,0.7439
2339,0.3213
2340,0.7455
2341,0.6755
2342,0.6988
2343,0.5344
2344,0.0335
2345,-0.3629
2346,-0.1212
2347,0.6688
2348,0.2180
2349,0.5400
2350,0.1862
2351,0.7217
2352,0.6442
2353,0.5348
2354,-0.2811
2355,0.4628
2356,0.6425
2357,0.4032
2358,0.3002
2359,-0.6287
2360,-0.0494
2361,0.5548
2362,0.7013
2363,0.5716
2364,-0.1054
2365,-1.2336
2366,0.1193
2367,0.6074
2368,0.6027
2369,-0.0342
2370,0.4030
2371,0.2943
2372,0.4020
2373,0.2063
2374,-0.5498
2375,0.5050
2376,0.5784
2377,0.6066
2378,0.4159
2379,0.2652
2380,-0.6006
2381,0.3419
2382,0.6306
2383,0.5969
2384,0.6212
2385,0.4571
2386,1.0669
2387,0.8241
2388,0.5608
2389,-0.1605
2390,-1.1137
2391,0.1547
2392,0.6894
2393,0.5824
2394,0.0519
2395,0.3932
2396,0.6924
2397,0.6771
2398,0.5461
2399,0.2094
2400,0.3657
2401,0.5368
2402,0.5327
2403,0.5727
2404,-0.3764
2405,-0.7917
2406,-0.1349
2407,0.6280
2408,0.6670
2409,0.6793
2410,0.1998
2411,0.0139
2412,-1.0915
2413,-0.1130
2414,0.7519
2415,0.7096
2416,0.1743
2417,-1.1637
2418,0.3394
2419,0.4331
2420,0.5521
2421,0.5164
2422,0.3448
2423,0.6132
2424,0.6706
2425,0.5671
2426,0.0178
2427,-0.0613
2428,0.4864
2429,0.6652
2430,0.5580
2431,0.7076
2432,0.2584
2433,1.3091
2434,-1.2709
2435,-0.0574
2436,0.2495
2437,0.6771
2438,0.6598
2439,0.5951
2440,0.5958
2441,0.5576
2442,0.7125
2443,0.4392
2444,0.6998
2445,0.4968
2446,0.3693
2447,-0.1834
2448,0.2251
2449,0.7004
2450,0.6434
2451,0.7724
2452,0.1752
2453,0.6065
2454,0.7601
2455,0.5650
2456,-0.2274
2457,0.5813
2458,0.5113
2459,0.6277
2460,0.4206
2461,-1.0501
2462,0.2501
2463,0.4701
2464,0.6097
2465,0.7133
2466,0.3792
2467,-0.1306
2468,-0.7416
2469,0.6477
2470,0.7089
2471,0.6250
2472,0.5655
2473,1.0194
2474,0.1186
2475,0.0869
2476,-0.6096
2477,0.2515
2478,0.4945
2479,0.7487
2480,0.6355
2481,0.5634
2482,-1.0448
2483,0.5380
2484,0.5729
2485,0.6779
2486,0.6814
2487,0.6232
2488,0.4515
2489,0.6178
2490,0.6779
2491,0.5280
2492,0.4030
2493,0.6801
2494,-0.8034
2495,-0.1136
2496,0.3541
2497,-1.1728
2498,-0.0286
2499,0.7357
2500,0.6791
2501,0.6236
2502,-1.1181
2503,-0.0669
2504,0.3032
2505,0.6724
2506,0.6599
2507,0.4550
2508,0.9263
2509,-0.4805
2510,0.0893
2511,0.7284
2512,0.6290
2513,0.5523
2514,0.6799
2515,0.7065
2516,0.4681
2517,-0.0268
2518,0.4248
2519,0.4714
2520,0.7690
2521,0.5964
2522,-0.0283
2523,0.0983
2524,0.6774
2525,0.6399
2526,0.5084
2527,0.1378
2528,0.3118
2529,-1.2110
2530,0.5049
2531,0.6351
2532,0.6388
2533,0.6536
2534,0.1701
2535,-0.7258
2536,0.2864
2537,-0.9377
2538,0.2907
2539,-0.5532
2540,0.3259
2541,0.3306
2542,-0.9533
2543,0.6662
2544,-0.1986
2545,0.6548
2546,0.7376
2547,0.6849
2548,0.7443
2549,-0.1660
2550,-0.1370
2551,0.6541
2552,0.5797
2553,0.6600
2554,0.5867
2555,0.6962
2556,0.4855
2557,1.2962
2558,1.1533
2559,-0.1321
2560,-0.3681
2561,0.2245
2562,0.4922
2563,-1.1510
2564,0.7756
2565,0.5492
2566,0.5110
2567,0.6273
2568,0.6310
2569,0.6531
2570,0.5351
2571,0.3290
2572,0.6021
2573,0.4843
2574,0.6236
2575,0.4962
2576,0.6021
2577,0.1785
2578,-0.3200
2579,0.4744
2580,0.1784
2581,-0.7892
2582,0.8293
2583,0.7404
2584,-1.1665
2585,0.3578
2586,0.6647
2587,0.6806
2588,0.7194
2589,-0.0217
2590,-0.9616
2591,0.2805
2592,0.5482
2593,0.6825
2594,0.6504
2595,0.6383
2596,0.3585
2597,0.5532
2598,0.3384
2599,-0.0697
2600,-0.2945
2601,0.7401
2602,0.7079
2603,0.5981
2604,0.8266
2605,-0.2625
2606,0.6432
2607,0.2648
2608,0.6241
2609,0.6419
2610,0.5831
2611,0.5945
2612,0.3958
2613,-1.0158
2614,0.2093
2615,0.7649
2616,0.6086
2617,0.1743
2618,-1.2008
2619,0.5679
2620,-1.0128
2621,-0.3838
2622,0.7320
2623,0.6325
2624,0.5214
2625,0.6567
2626,0.3230
2627,1.2305
2628,0.5516
2629,0.6774
2630,0.6457
2631,0.6852
2632,0.3362
2633,-0.2061
2634,-0.6578
2635,-0.6020
2636,-0.7042
2637,-0.3368
2638,0.7943
2639,0.4602
2640,0.6651
2641,-0.6911
2642,-1.0384
2643,-0.1565
2644,0.7320
2645,0.1986
2646,-0.0634
2647,0.4127
2648,0.1989
2649,0.5805
2650,0.8022
2651,0.6408
2652,0.7739
2653,-0.7184
2654,0.5339
2655,0.7015
2656,0.6773
2657,0.6426
2658,0.0121
2659,0.5416
2660,0.0463
2661,0.7782
2662,0.6111
2663,0.6867
2664,0.7356
2665,0.2613
2666,-1.6043
2667,-0.9354
2668,-0.1443
2669,0.6314
2670,0.7084
2671,0.6902
2672,0.6947
2673,0.0522
2674,-0.4965
2675,0.7343
2676,0.6196
2677,0.7975
2678,0.5420
2679,1.2964
2680,0.7228
2681,0.4966
2682,-0.1545
2683,0.0494
2684,0.2119
2685,-0.2297
2686,0.6842
2687,-0.2293
2688,-0.9196
2689,-0.3753
2690,0.7693
2691,0.5975
2692,0.3160
2693,-0.0178
2694,0.4043
2695,0.5629
2696,0.6936
2697,0.6634
2698,0.4514
2699,0.5026
2700,0.2866
2701,0.5832
2702,0.4550
2703,0.1147
2704,0.0223
2705,-0.0314
2706,-0.4174
2707,0.0205
2708,0.2573
2709,0.5775
2710,0.7066
2711,0.6804
2712,0.5542
2713,0.3391
2714,0.2091
2715,-0.4034
2716,0.7378
2717,0.5944
2718,0.6675
2719,0.7048
2720,0.4981
2721,0.6182
2722,-0.3043
2723,-0.9133
2724,0.2487
2725,0.1407
2726,0.6397
2727,0.3489
2728,-0.2770
2729,0.1316
2730,0.6539
2731,0.6768
2732,0.6646
2733,0.6534
2734,0.5286
2735,-0.2420
2736,0.1064
2737,0.6659
2738,0.7315
2739,0.5308
2740,-0.1652
2741,1.0878
2742,0.5759
2743,0.5490
2744,1.0321
2745,-0.0283
2746,0.6384
2747,0.5525
2748,-0.0034
2749,-1.0729
2750,0.4752
2751,0.6490
2752,0.6733
2753,0.5777
2754,0.6376
2755,0.8288
2756,-0.5890
2757,0.4037
2758,0.5355
2759,0.7113
2760,0.6285
2761,-0.2471
2762,-0.7064
2763,0.7902
2764,0.6713
2765,0.7131
2766,-0.4055
2767,0.1742
2768,0.4069
2769,0.5432
2770,-0.1590
2771,0.5604
2772,0.6801
2773,0.4979
2774,0.6600
2775,-0.2256
2776,0.3006
2777,0.4264
2778,0.6498
2779,0.6175
2780,-0.0047
2781,0.0056
2782,-0.1399
2783,0.4801
2784,0.5793
2785,0.6431
2786,-1.1190
2787,0.6368
2788,0.6050
2789,0.0473
2790,-0.6051
2791,0.1683
2792,0.5062
2793,0.6337
2794,0.5968
2795,0.6528
2796,1.2209
2797,0.2006
2798,0.7855
2799,0.6762
2800,0.5912
2801,-0.1962
2802,-0.1849
2803,0.7537
2804,0.6475
2805,0.6284
2806,0.2209
2807,-0.1189
2808,0.5780
2809,0.6814
2810,0.2957
2811,-0.1989
2812,0.2099
2813,0.6060
2814,0.6894
2815,0.5616
2816,-0.1414
2817,-0.5553
2818,0.3925
2819,0.6364
2820,0.6724
2821,0.5788
2822,0.7029
2823,-0.5490
2824,0.4838
2825,0.5226
2826,0.5221
2827,0.0032
2828,-0.7969
2829,-0.3862
2830,-0.2398
2831,0.3382
2832,0.6555
2833,0.6113
2834,0.6245
2835,0.6641
2836,0.2830
2837,-0.2258
2838,0.4778
2839,0.6495
2840,0.6490
2841,0.6505
2842,0.7452
2843,0.5378
2844,0.4170
2845,0.3449
2846,-0.1921
2847,0.5166
2848,0.5967
2849,0.5648
2850,-0.2060
2851,0.3139
2852,0.4086
2853,0.6470
2854,0.5448
2855,0.6944
2856,0.5778
2857,0.4410
2858,-0.1014
2859,-0.5433
2860,0.5795
2861,0.6291
2862,0.5963
2863,0.1455
2864,-0.1792
2865,-1.3837
2866,0.3085
2867,0.5926
2868,0.4114
2869,0.6192
2870,0.6486
2871,0.2276
2872,0.0191
2873,-0.4547
2874,0.6859
2875,0.6532
2876,0.6348
2877,0.6502
2878,-0.9686
2879,0.7526
2880,-0.2363
2881,0.5643
2882,0.3238
2883,-0.0917
2884,-0.9160
2885,0.2340
2886,0.5376
2887,-0.7925
2888,-1.2128
2889,0.0676
2890,0.5570
2891,0.2330
2892,-0.8110
2893,-0.5217
2894,0.6695
2895,0.6279
2896,0.6538
2897,0.2249
2898,-0.3556
2899,-0.7301
2900,0.2579
2901,0.6815
2902,0.6579
2903,0.6676
2904,-0.0783
2905,0.7805
2906,-0.9275
2907,-0.5795
2908,-0.5920
2909,0.7893
2910,0.9085
2911,0.5391
2912,0.8019
2913,-0.6752
2914,0.6654
2915,0.6415
2916,0.6433
2917,0.5780
2918,0.4760
2919,0.0816
2920,-0.0054
2921,0.7890
2922,0.6229
2923,0.4547
2924,0.5204
2925,0.0677
2926,0.1241
2927,-0.2363
2928,-0.1410
2929,0.0895
2930,0.5708
2931,0.5616
2932,0.4477
2933,0.3712
2934,-0.0079
2935,0.5204
2936,0.6782
2937,0.6247
2938,0.7794
2939,0.5243
2940,-1.1339
2941,0.7593
2942,0.6564
2943,0.7200
2944,0.0061
2945,0.4651
2946,0.8164
2947,-0.2221
2948,0.8325
2949,0.6229
2950,-0.9808
2951,0.7438
2952,0.6450
2953,0.4545
2954,-0.7104
2955,0.5091
2956,0.4092
2957,0.3759
2958,0.5548
2959,0.5647
2960,0.8722
2961,0.6520
2962,0.4685
2963,0.6645
2964,0.6317
2965,0.2346
2966,0.4829
2967,0.5593
2968,-0.5554
2969,-0.0470
2970,0.0451
2971,-0.4052
2972,0.4646
2973,-0.4960
2974,0.3370
2975,0.5975
2976,0.6771
2977,0.7212
2978,0.6951
2979,0.5808
2980,0.5745
2981,-1.0224
2982,0.5558
2983,0.6246
2984,0.6206
2985,0.6531
2986,0.5890
2987,0.6298
2988,-0.2516
2989,-0.1611
2990,0.3526
2991,0.5260
2992,0.6313
2993,0.6285
2994,-0.3457
2995,-0.1141
2996,0.6198
2997,0.6623
2998,0.5426
2999,0.6906
3000,0.5996
3001,0.2600
3002,-1.0446
3003,0.4167
3004,0.4646
3005,0.3394
3006,0.6319
3007,-0.5931
3008,0.7743
3009,-0.2324
3010,0.0399
3011,0.6187
3012,0.7039
3013,0.6933
3014,0.5513
3015,0.7283
3016,-0.9663
3017,0.1923
3018,0.5291
3019,0.7270
3020,0.6323
3021,0.3450
3022,-0.3603
3023,0.5268
3024,0.7670
3025,0.6695
3026,0.6762
3027,0.1001
3028,0.0892
3029,-0.2400
3030,-1.4848
3031,-0.1470
3032,0.6210
3033,0.6344
3034,0.4601
3035,0.2363
3036,-0.0880
3037,-0.7280
3038,0.6772
3039,0.6388
3040,0.6337
3041,0.5962
3042,-0.8154
3043,0.3405
3044,0.6975
3045,0.3509
3046,0.2303
3047,0.0518
3048,-0.6081
3049,0.5382
3050,0.1914
3051,1.2526
3052,-0.4112
3053,-0.4551
3054,-1.3548
3055,0.9337
3056,-1.2475
3057,0.9261
3058,0.6293
3059,0.6122
3060,0.7276
3061,0.7174
3062,-0.1452
3063,-0.1505
3064,0.5930
3065,0.6375
3066,0.6924
3067,0.7060
3068,0.3683
3069,-1.0066
3070,0.7787
3071,0.5522
3072,0.6195
3073,0.5814
3074,-0.1463
3075,0.0133
3076,0.6544
3077,0.2418
3078,-0.5154
3079,0.5856
3080,0.4671
3081,0.6705
3082,0.7929
3083,-0.1891
3084,0.1950
3085,0.7121
3086,0.6719
3087,0.4857
3088,0.2245
3089,0.6617
3090,-0.1446
3091,0.5965
3092,0.6684
3093,0.5570
3094,0.9041
3095,0.2730
3096,1.0222
3097,-0.2656
3098,-0.4729
3099,0.0634
3100,0.4775
3101,0.5030
3102,0.4818
3103,0.4059
3104,0.6061
3105,-0.1388
3106,0.6293
3107,0.7224
3108,0.5157
3109,0.3641
3110,0.0366
3111,-1.5957
3112,0.7808
3113,1.2346
3114,-0.2648
3115,-0.3870
3116,-0.1790
3117,-1.0154
3118,0.1081
3119,0.5958
3120,0.7130
3121,0.5513
3122,0.6334
3123,0.5551
3124,0.6758
3125,0.2766
3126,0.5617
3127,0.5410
3128,0.7317
3129,0.6209
3130,0.1454
3131,-0.1908
3132,-0.3567
3133,1.3173
3134,-0.0619
3135,-0.0342
3136,0.7252
3137,0.5051
3138,-0.3585
3139,0.0686
3140,0.5669
3141,0.6542
3142,0.6274
3143,0.6498
3144,0.1735
3145,1.2169
3146,0.1586
3147,0.8025
3148,0.6988
3149,0.4918
3150,-0.1725
3151,1.0805
3152,0.5342
3153,0.5036
3154,0.0905
3155,0.1164
3156,0.6448
3157,0.6792
3158,0.6710
3159,-0.1615
3160,0.3108
3161,0.5763
3162,0.6339
3163,0.6319
3164,0.6935
3165,0.0004
3166,-1.0965
3167,0.7211
3168,0.6686
3169,0.5568
3170,-0.6129
3171,-0.1632
3172,-1.0967
3173,0.2406
3174,0.5144
3175,0.7046
3176,-1.2034
3177,0.5394
3178,0.6192
3179,0.6924
3180,0.6366
3181,-0.1667
3182,0.2132
3183,0.6675
3184,0.6789
3185,0.5708
3186,-1.1464
3187,0.5809
3188,0.5533
3189,0.6960
3190,0.5532
3191,-0.1444
3192,1.1129
3193,0.8595
3194,0.6396
3195,-0.1385
3196,-0.9332
3197,0.6350
3198,0.5131
3199,0.1466
3200,-0.5927
3201,-0.0701
3202,0.6507
3203,0.6330
3204,0.6562
3205,-0.0355
3206,-0.7907
3207,0.2693
3208,0.6267
3209,0.6601
3210,0.6267
3211,0.4700
3212,-0.2614
3213,-0.6103
3214,0.8830
3215,0.4831
3216,-1.2286
3217,-0.2796
3218,-0.2252
3219,0.9795
3220,0.2537
3221,0.6571
3222,0.1631
3223,0.5681
3224,0.5877
3225,0.6837
3226,0.5701
3227,-0.1675
3228,0.0747
3229,0.5781
3230,0.7042
3231,0.6295
3232,0.6082
3233,-0.5222
3234,0.4175
3235,0.4349
3236,-0.9149
3237,0.7662
3238,0.5173
3239,-0.0938
3240,-0.9362
3241,0.8100
3242,0.3004
3243,0.5216
3244,0.6501
3245,0.6033
3246,-0.1732
3247,-0.9951
3248,0.7799
3249,0.6002
3250,0.6245
3251,0.6360
3252,0.6836
3253,0.1264
3254,-0.1202
3255,0.6824
3256,0.5355
3257,0.7338
3258,0.6651
3259,0.5892
3260,0.6737
3261,-0.9906
3262,0.3646
3263,0.6352
3264,0.6835
3265,0.5435
3266,0.5834
3267,0.3403
3268,0.7614
3269,0.2432
3270,0.6418
3271,0.4536
3272,0.6569
3273,-0.1737
3274,-0.1552
3275,0.1771
3276,-0.7073
3277,-0.0062
3278,0.7493
3279,0.5928
3280,0.5415
3281,0.4053
3282,-1.1346
3283,-0.0169
3284,0.6572
3285,0.6612
3286,0.6334
3287,0.6934
3288,0.3298
3289,-0.9168
3290,0.3846
3291,0.7293
3292,0.4811
3293,-0.3560
3294,-0.2132
3295,0.8161
3296,0.3450
3297,0.9978
3298,-0.5514
3299,0.6854
3300,0.6690
3301,0.1017
3302,-1.5209
3303,0.7327
3304,0.4442
3305,0.6003
3306,0.6107
3307,0.5502
3308,0.3562
3309,-0.1994
3310,0.0638
3311,0.7507
3312,0.7574
3313,0.6034
3314,-0.2152
3315,1.2699
3316,0.5847
3317,-0.1869
3318,0.7820
3319,-0.0261
3320,0.5601
3321,0.5125
3322,-0.4117
3323,-0.3866
3324,-0.5282
3325,0.4413
3326,0.7412
3327,0.6347
3328,0.1274
3329,0.5346
3330,0.1180
3331,0.5002
3332,0.6622
3333,0.5423
3334,0.3480
3335,0.5793
3336,-0.4016
3337,-0.2150
3338,0.9966
3339,-0.2019
3340,-0.1950
3341,0.7270
3342,0.7103
3343,-0.4954
3344,0.4655
3345,0.6549
3346,0.5907
3347,0.5797
3348,0.5921
3349,0.5920
3350,0.4169
3351,-0.7578
3352,-0.1802
3353,0.6039
3354,0.7339
3355,0.7053
3356,0.2111
3357,0.3044
3358,0.2313
3359,1.9958
3360,0.7870
3361,-1.4611
3362,0.5375
3363,0.7590
3364,0.1615
3365,0.6084
3366,0.6497
3367,0.5864
3368,0.6352
3369,0.6145
3370,0.4902
3371,1.2899
3372,-0.5099
3373,0.6361
3374,0.6390
3375,0.6688
3376,0.5912
3377,1.0059
3378,0.7983
3379,0.1462
3380,0.6807
3381,0.7017
3382,0.4099
3383,1.5114
3384,0.2886
3385,0.6066
3386,0.6583
3387,0.6501
3388,0.6332
3389,0.5723
3390,0.4232
3391,0.8577
3392,0.5621
3393,0.6408
3394,0.6290
3395,0.6611
3396,0.3468
3397,-0.4818
3398,-1.4041
3399,0.6780
3400,1.1376
3401,0.5556
3402,0.7244
3403,0.7276
3404,0.5095
3405,-0.7256
3406,-0.1972
3407,0.6791
3408,0.6977
3409,0.7056
3410,0.4883
3411,0.5870
3412,-0.3574
3413,0.2414
3414,0.2504
3415,0.6440
3416,0.5129
3417,0.6740
3418,0.6800
3419,-0.4404
3420,0.6897
3421,0.0380
3422,-0.0326
3423,0.8432
3424,-0.1490
3425,-1.2577
3426,-0.7495
3427,0.1809
3428,0.4531
3429,0.5654
3430,0.6939
3431,0.7443
3432,0.2487
3433,-0.6954
3434,0.5444
3435,0.6743
3436,0.6673
3437,0.1745
3438,0.7324
3439,-0.0802
3440,0.8320
3441,0.4666
3442,0.6717
3443,-0.4647
3444,-2.0041
3445,-0.9320
3446,-1.2407
3447,0.6349
3448,0.7715
3449,0.5322
3450,0.6147
3451,0.2473
3452,-0.0590
3453,1.3377
3454,0.1947
3455,0.7567
3456,0.5605
3457,-0.1074
3458,0.3856
3459,0.5896
3460,0.5978
3461,-1.0959
3462,-0.0134
3463,0.7037
3464,0.5820
3465,0.5127
3466,-0.6677
3467,-0.1435
3468,0.5094
3469,0.6563
3470,0.6075
3471,0.3927
3472,0.5692
3473,0.9095
3474,0.3976
3475,0.5795
3476,0.7016
3477,0.6425
3478,0.3928
3479,-0.2231
3480,0.7377
3481,-0.1842
3482,0.9939
3483,-0.3466
3484,-1.0653
3485,0.6867
3486,-1.3951
3487,-0.0903
3488,0.1311
3489,0.6354
3490,0.7014
3491,0.6977
3492,0.5401
3493,0.4747
3494,1.1017
3495,0.6215
3496,0.5728
3497,0.6521
3498,0.4913
3499,0.6538
3500,0.4839
3501,-0.1436
3502,1.0599
3503,0.8120
3504,-0.5478
3505,0.0052
3506,-1.0725
3507,-0.5776
3508,0.5702
3509,0.6098
3510,0.6927
3511,0.6434
3512,0.5767
3513,0.8032
3514,-0.1793
3515,-0.4026
3516,0.3590
3517,0.7328
3518,0.6234
3519,0.7247
3520,0.5307
3521,-0.7380
3522,0.4558
3523,0.4531
3524,-0.2088
3525,0.6906
3526,0.8070
3527,-0.1812
3528,-0.1143
3529,0.6367
3530,0.7645
3531,0.5444
3532,0.7046
3533,0.6780
3534,0.6796
3535,-0.6920
3536,0.1299
3537,0.7080
3538,0.6255
3539,0.4735
3540,-0.1208
3541,0.2113
3542,0.6648
3543,0.3846
3544,0.6415
3545,0.6985
3546,0.6639
3547,0.6624
3548,0.4734
3549,0.3321
3550,-0.1706
3551,0.4711
3552,0.6491
3553,0.6551
3554,0.5491
3555,0.1403
3556,0.4803
3557,0.6218
3558,0.5793
3559,0.5088
3560,0.2326
3561,-0.2605
3562,0.3129
3563,0.6335
3564,0.3842
3565,1.0654
3566,-0.1409
3567,0.6977
3568,0.6914
3569,0.7168
3570,-0.4913
3571,0.3661
3572,0.4908
3573,0.5536
3574,0.6029
3575,0.0169
3576,-0.9676
3577,0.4303
3578,0.6150
3579,0.6377
3580,0.4447
3581,0.0237
3582,-0.1516
3583,0.3562
3584,0.5819
3585,-0.1007
3586,-1.1669
3587,0.6202
3588,0.6140
3589,0.7023
3590,0.1086
3591,-1.1601
3592,0.5296
3593,0.3229
3594,0.6587
3595,0.4293
3596,-0.2018
3597,-0.9103
3598,0.8292
3599,0.2627
3600,0.6574
3601,0.6769
3602,0.3936
3603,-0.3632
3604,0.8208
3605,0.4150
3606,0.9519
3607,-1.0994
3608,0.2692
3609,0.5065
3610,-0.3424
3611,-1.2340
3612,0.4489
3613,0.7357
3614,0.6827
3615,0.6703
3616,0.0286
3617,-1.1182
3618,0.3805
3619,0.6057
3620,0.6403
3621,0.6937
3622,0.6084
3623,0.4513
3624,-1.4113
3625,0.4864
3626,0.4033
3627,0.8231
3628,0.5194
3629,0.8246
3630,-1.0816
3631,-0.0026
3632,0.7547
3633,0.5773
3634,0.7256
3635,0.4084
3636,0.3971
3637,0.7557
3638,0.2412
3639,0.3944
3640,0.5304
3641,0.6511
3642,0.7452
3643,0.1658
3644,-0.0844
3645,0.5684
3646,-0.4684
3647,0.1105
3648,0.5449
3649,0.6322
3650,-0.7605
3651,0.0006
3652,0.4658
3653,0.6326
3654,0.6428
3655,0.6699
3656,0.5379
3657,0.1231
3658,-0.9573
3659,0.4311
3660,0.6047
3661,0.6817
3662,0.7147
3663,0.2651
3664,-0.0278
3665,1.1352
3666,-1.2619
3667,-0.3635
3668,-0.2446
3669,0.7119
3670,0.6537
3671,0.2653
3672,-0.4097
3673,-0.0579
3674,0.6265
3675,0.6857
3676,0.6597
3677,0.7425
3678,0.1710
3679,-0.1050
3680,-0.1919
3681,0.6320
3682,0.7633
3683,0.1239
3684,-0.2875
3685,-0.2141
3686,1.1351
3687,0.0442
3688,0.6965
3689,1.1343
3690,0.7101
3691,0.6794
3692,0.8315
3693,0.6199
3694,0.2003
3695,-1.6653
3696,0.4882
3697,0.5964
3698,0.7342
3699,1.0150
3700,0.3679
3701,0.4686
3702,0.3440
3703,0.6229
3704,-0.9144
3705,0.6296
3706,0.4214
3707,0.6778
3708,-0.1444
3709,-0.0725
3710,-0.2502
3711,0.2488
3712,0.8029
3713,-0.1862
3714,-0.1918
3715,0.7279
3716,0.5671
3717,0.7641
3718,0.5540
3719,-1.0763
3720,0.5672
3721,0.6671
3722,0.6932
3723,0.7072
3724,0.1400
3725,1.0348
3726,0.1092
3727,0.7082
3728,0.7537
3729,0.6296
3730,0.9794
3731,0.1770
3732,0.6474
3733,0.2225
3734,-1.1552
3735,0.1591
3736,0.0742
3737,0.5591
3738,0.6837
3739,0.2438
3740,0.9127
3741,0.4133
3742,0.5687
3743,0.6611
3744,0.6575
3745,0.5052
3746,-0.0765
3747,-0.7639
3748,0.9168
3749,-1.6203
3750,-1.1443
3751,-0.2960
3752,-0.5569
3753,1.3367
3754,0.3436
3755,0.7689
3756,0.5779
3757,0.7437
3758,0.6839
3759,0.7484
3760,0.7394
3761,-0.1753
3762,0.9691
3763,0.4108
3764,0.6371
3765,0.5471
3766,0.5218
3767,0.3829
3768,0.6400
3769,0.8402
3770,0.9267
3771,-0.3217
3772,0.4754
3773,0.7522
3774,-0.2760
3775,1.0247
3776,0.3713
3777,0.5992
3778,0.5892
3779,0.5254
3780,0.2129
3781,-0.9975
3782,0.3368
3783,0.4458
3784,0.3870
3785,0.6409
3786,0.6444
3787,0.5582
3788,-0.2845
3789,0.6132
3790,0.7877
3791,-1.1035
3792,0.0043
3793,0.6949
3794,0.6508
3795,0.2542
3796,-0.9336
3797,0.4707
3798,0.5434
3799,0.7005
3800,0.6607
3801,0.6257
3802,-0.1738
3803,0.2584
3804,0.5902
3805,0.7096
3806,0.6462
3807,0.5362
3808,0.8445
3809,0.8018
3810,0.6278
3811,-0.1016
3812,0.3739
3813,0.5137
3814,0.5476
3815,0.6346
3816,0.6885
3817,0.6409
3818,-0.1965
3819,0.7078
3820,0.7019
3821,0.5620
3822,0.4142
3823,0.1121
3824,-0.5801
3825,0.3593
3826,0.7540
3827,0.6392
3828,0.5299
3829,-0.2382
3830,0.6452
3831,0.6956
3832,0.4762
3833,-0.4831
3834,-0.9318
3835,0.6384
3836,-0.0049
3837,0.5057
3838,1.2650
3839,0.5720
3840,0.4126
3841,0.6771
3842,0.6713
3843,1.2250
3844,0.7617
3845,0.7281
3846,0.6835
3847,0.4285
3848,0.0220
3849,0.0221
3850,-0.3865
3851,0.7802
3852,0.5747
3853,0.8228
3854,0.4470
3855,0.1096
3856,0.7684
3857,0.8446
3858,0.1546
3859,0.6495
3860,0.6920
3861,0.6301
3862,0.2804
3863,0.1339
3864,-0.1636
3865,0.6100
3866,0.5781
3867,0.7100
3868,-0.2178
3869,-1.1151
3870,0.5574
3871,-0.0919
3872,0.6081
3873,0.5896
3874,0.6905
3875,0.0459
3876,0.8162
3877,0.5482
3878,-0.7378
3879,-0.0264
3880,0.5475
3881,0.6498
3882,0.6704
3883,0.2611
3884,-0.5017
3885,0.4478
3886,0.6918
3887,0.6624
3888,0.6084
3889,0.4609
3890,-0.1173
3891,0.2152
3892,0.5641
3893,0.6802
3894,0.5718
3895,0.0139
3896,0.8153
3897,0.4234
3898,-1.0604
3899,0.4388
3900,0.6183
3901,0.6486
3902,0.6006
3903,0.7918
3904,0.7091
3905,-1.0007
3906,-0.0332
3907,0.6067
3908,0.6585
3909,0.6673
3910,-0.0841
3911,0.9545
3912,-0.0465
3913,0.6809
3914,0.4996
3915,-1.1020
3916,0.4935
3917,0.5770
3918,-0.0617
3919,-0.9526
3920,-0.1411
3921,0.7147
3922,0.5489
3923,0.6391
3924,0.2523
3925,-0.1404
3926,0.0995
3927,0.4510
3928,0.6100
3929,0.6075
3930,0.5197
3931,-0.1499
3932,0.5615
3933,0.3426
3934,0.5417
3935,-0.1985
3936,0.6664
3937,0.6812
3938,0.6861
3939,-0.1865
3940,-0.2033
3941,0.3544
3942,0.6960
3943,0.6386
3944,0.6226
3945,0.5018
3946,-0.0033
3947,-0.2636
3948,0.3628
3949,0.6461
3950,0.5917
3951,-0.1536
3952,-0.2409
3953,0.8715
3954,0.2345
3955,-0.0694
3956,0.8662
3957,0.4225
3958,0.6513
3959,0.6167
3960,0.4623
3961,-0.8925
3962,0.1354
3963,0.6243
3964,0.6656
3965,0.0200
3966,1.0960
3967,0.5074
3968,0.2115
3969,0.6718
3970,-0.8258
3971,0.3795
3972,0.0376
3973,-1.6478
3974,-0.0171
3975,0.1580
3976,0.4395
3977,-0.1895
3978,0.4824
3979,0.4193
3980,0.1965
3981,0.7317
3982,0.6625
3983,0.5860
3984,0.6615
3985,0.5732
3986,0.4173
3987,-1.0162
3988,0.5672
3989,0.5033
3990,0.6860
3991,0.3059
3992,-0.7273
3993,0.8392
3994,0.7630
3995,0.0482
3996,0.5472
3997,0.0830
3998,0.6922
3999,0.7431
4000,-0.1547
4001,-0.3185
4002,0.3490
4003,0.6833
4004,0.7149
4005,0.6865
4006,0.4268
4007,0.9374
4008,0.8520
4009,0.7248
4010,0.5806
4011,0.5798
4012,0.3019
4013,1.0279
4014,0.7826
4015,0.6083
4016,-0.2108
4017,-0.7960
4018,0.4019
4019,0.5060
4020,0.1872
4021,0.5583
4022,-0.2349
4023,0.6526
4024,0.7169
4025,0.6450
4026,0.5777
4027,0.3360
4028,-0.9691
4029,-0.1676
4030,0.5961
4031,0.6799
4032,0.3402
4033,-0.0954
4034,-0.9544
4035,-1.1271
4036,1.2175
4037,0.5277
4038,0.4850
4039,0.7868
4040,0.6666
4041,0.0005
4042,-0.1157
4043,0.7444
4044,0.6475
4045,0.4677
4046,0.5894
4047,0.2078
4048,-0.6470
4049,-1.2414
4050,0.3085
4051,0.6656
4052,0.5089
4053,0.1597
4054,-1.1483
4055,0.6749
4056,0.1423
4057,0.1076
4058,0.4923
4059,0.8642
4060,0.4104
4061,0.6014
4062,-0.6247
4063,0.5598
4064,0.6275
4065,0.5364
4066,0.6218
4067,0.2393
4068,0.5236
4069,-1.0736
4070,0.3343
4071,0.6295
4072,0.6548
4073,0.4868
4074,0.4438
4075,0.4692
4076,-0.1172
4077,-0.1367
4078,0.0474
4079,0.6453
4080,0.5662
4081,0.4703
4082,0.5276
4083,-1.0630
4084,0.5757
4085,0.6768
4086,0.6729
4087,0.6654
4088,0.6971
4089,0.3666
4090,-0.3513
4091,-1.0886
4092,0.5441
4093,-0.0056
4094,-0.8134
4095,0.6682
4096,-1.1841
4097,-1.4136
4098,1.2353
4099,0.3545
4100,0.2154
4101,0.6395
4102,0.7155
4103,-1.1579
4104,0.8754
4105,0.4510
4106,0.6260
4107,0.6006
4108,0.4462
4109,0.5803
4110,-0.6471
4111,0.2857
4112,0.6085
4113,0.6817
4114,0.0008
4115,0.7452
4116,-0.4280
4117,-0.1702
4118,0.9392
4119,-1.2460
4120,0.2567
4121,0.6835
4122,0.2305
4123,-0.6900
4124,0.8107
4125,0.5550
4126,0.6095
4127,0.6853
4128,0.4129
4129,0.7309
4130,-0.7460
4131,0.5680
4132,0.6136
4133,0.6128
4134,0.6469
4135,0.8114
4136,0.2368
4137,-0.6652
4138,0.6443
4139,0.1542
4140,0.1151
4141,-0.1684
4142,-0.3686
4143,0.6769
4144,0.7098
4145,-0.5666
4146,0.2846
4147,0.6507
4148,0.6903
4149,0.4591
4150,-0.7978
4151,0.1117
4152,0.6715
4153,0.5974
4154,0.6860
4155,0.6232
4156,-0.0198
4157,-1.0450
4158,0.5996
4159,0.6680
4160,0.4113
4161,0.5966
4162,-0.8819
4163,-0.6479
4164,0.8138
4165,0.0844
4166,0.6427
4167,0.6374
4168,0.6218
4169,0.8049
4170,0.3794
4171,1.0967
4172,0.0265
4173,0.6076
4174,0.6248
4175,0.6334
4176,0.5720
4177,-0.3472
4178,-0.4013
4179,0.3245
4180,-1.1578
4181,-0.1195
4182,0.7691
4183,0.5995
4184,-1.1344
4185,-0.2880
4186,0.5544
4187,0.3795
4188,0.6681
4189,0.7190
4190,0.4502
4191,0.2205
4192,1.2911
4193,-0.3527
4194,0.6168
4195,0.5686
4196,0.5875
4197,-0.1918
4198,0.6690
4199,0.6620
4200,-1.0128
4201,-0.4843
4202,0.4703
4203,0.6006
4204,0.5523
4205,0.4650
4206,0.4951
4207,0.2111
4208,0.6637
4209,0.6126
4210,0.5628
4211,0.5269
4212,0.4819
4213,-0.7033
4214,0.1240
4215,0.4943
4216,0.6124
4217,0.4414
4218,0.6679
4219,-1.7641
4220,-0.3945
4221,-0.8276
4222,-0.8050
4223,0.6165
4224,0.0305
4225,0.7164
4226,0.6730
4227,1.1322
4228,-0.0293
4229,0.6337
4230,0.7316
4231,0.6481
4232,0.2388
4233,-1.1915
4234,0.1398
4235,0.8061
4236,0.5589
4237,-0.1381
4238,0.0716
4239,-0.3348
4240,0.6593
4241,0.3468
4242,0.6749
4243,0.3921
4244,0.4072
4245,0.6084
4246,0.4602
4247,-0.7983
4248,0.5175
4249,0.6178
4250,0.6242
4251,0.6396
4252,0.4875
4253,-0.8754
4254,0.1800
4255,0.5794
4256,0.6768
4257,0.5492
4258,0.3887
4259,-1.0558
4260,-1.1863
4261,0.5431
4262,0.6928
4263,-0.8260
4264,0.5250
4265,0.6293
4266,0.2028
4267,0.2486
4268,-0.1934
4269,0.6684
4270,0.7068
4271,0.5624
4272,0.4012
4273,0.1041
4274,-0.7547
4275,0.4227
4276,0.6231
4277,0.6680
4278,0.3448
4279,0.7029
4280,0.5781
4281,0.2259
4282,0.5687
4283,0.7329
4284,-0.7955
4285,0.2888
4286,0.0507
4287,-0.4042
4288,0.3684
4289,0.2984
4290,0.8174
4291,0.5985
4292,0.6449
4293,0.6360
4294,-0.1951
4295,-0.0189
4296,0.5819
4297,0.6281
4298,0.6325
4299,0.6395
4300,0.4885
4301,0.9137
4302,-0.1782
4303,0.3815
4304,0.1654
4305,0.2416
4306,0.5699
4307,0.3452
4308,0.5267
4309,0.3950
4310,0.6618
4311,0.6107
4312,0.6036
4313,0.6255
4314,0.1509
4315,-0.6432
4316,0.5431
4317,0.6912
4318,0.7052
4319,0.6579
4320,0.5677
4321,-1.0447
4322,0.4213
4323,1.2361
4324,-0.0232
4325,0.5944
4326,0.6144
4327,0.2309
4328,-0.5974
4329,-0.2608
4330,0.5732
4331,0.5308
4332,0.6271
4333,0.6585
4334,0.4636
4335,-0.0816
4336,-0.2198
4337,0.6183
4338,0.6819
4339,0.6993
4340,-0.1836
4341,-0.7378
4342,0.4429
4343,0.1327
4344,-0.9277
4345,0.3682
4346,0.7096
4347,0.6439
4348,0.5746
4349,0.6281
4350,-0.1783
4351,-0.0628
