posicao,gravacao,atraso_simbolos,queda_mediana_dB,n
"1 antiga, realce ligado",20261008-161343-f00-nivel,1,-4.72,242
"1 antiga, realce ligado",20261008-161343-f00-nivel,2,-6.86,189
"1 antiga, realce ligado",20261008-161343-f00-nivel,3,-9.25,156
"1 antiga, realce ligado",20261008-161343-f00-nivel,4,-8.95,123
"1 antiga, realce ligado",20261008-161343-f00-nivel,5,-12.92,101
"1 antiga, realce ligado",20261008-161343-f00-nivel,6,-11.10,86
"2 realce off, reposicionada",20261008-162722-f00-nivel-v3,1,-7.98,233
"2 realce off, reposicionada",20261008-162722-f00-nivel-v3,2,-12.11,178
"2 realce off, reposicionada",20261008-162722-f00-nivel-v3,3,-12.79,150
"2 realce off, reposicionada",20261008-162722-f00-nivel-v3,4,-12.76,123
"2 realce off, reposicionada",20261008-162722-f00-nivel-v3,5,-11.98,102
"2 realce off, reposicionada",20261008-162722-f00-nivel-v3,6,-15.10,85
3 a 10 cm apontada,20261008-164718-f00-nivel-10cm,1,-14.60,226
3 a 10 cm apontada,20261008-164718-f00-nivel-10cm,2,-15.21,187
3 a 10 cm apontada,20261008-164718-f00-nivel-10cm,3,-18.65,154
3 a 10 cm apontada,20261008-164718-f00-nivel-10cm,4,-17.88,119
3 a 10 cm apontada,20261008-164718-f00-nivel-10cm,5,-19.37,93
3 a 10 cm apontada,20261008-164718-f00-nivel-10cm,6,-19.72,79
