freq_hz,piso_dbfs,mediana_dbfs,margem_db,espalhamento_db
400,-89.1,-21.6,67.5,0.0
550,-82.2,-43.7,38.5,0.2
888,-93.8,-37.5,56.3,0.5
1050,-95.1,-31.1,64.0,0.1
1212,-95.0,-31.4,63.6,0.1
1375,-90.3,-24.9,65.4,0.0
1538,-94.3,-24.9,69.5,0.1
1700,-95.0,-21.8,73.1,0.0
1862,-96.0,-21.6,74.4,0.0
2025,-94.9,-23.1,71.8,0.0
2188,-96.5,-26.3,70.1,0.1
2350,-100.5,-23.9,76.5,0.0
2512,-99.1,-29.1,69.9,0.0
2675,-100.0,-31.4,68.6,0.1
2838,-102.6,-35.6,67.0,0.2
3000,-101.7,-37.3,64.4,0.3
3162,-101.5,-34.4,67.1,0.1
3325,-102.8,-29.0,73.8,0.1
3487.5,-100.2,-43.9,56.3,0.5
4000,-104.2,-44.6,59.5,0.3
4500,-104.9,-43.9,61.0,0.3
5000,-104.8,-44.7,60.1,0.2
