simbolo,llr0,llr1,llr2,llr3,llr4
0,0.7981,0.1090,-0.6705,0.9689,-0.9183
1,-0.8641,0.9623,-0.9282,-0.4446,-0.8000
2,-0.6209,-0.4164,0.5698,-0.0673,-0.6987
3,-0.9286,0.2202,0.6748,-0.3618,-0.1764
4,-0.6175,-0.2345,-0.8367,-0.9413,-0.9506
5,0.5549,-0.4776,-0.6860,0.8869,-0.7451
6,-0.7361,-0.5656,-0.5020,-0.9387,-0.7930
7,-0.7442,0.8628,-0.6184,-0.7468,-0.8191
8,0.6280,0.8109,-0.5574,0.4052,-0.8340
9,-0.8477,-0.4171,-0.3617,0.2796,-0.7561
10,-0.7008,0.7984,0.5808,-0.5517,0.2217
11,-0.4610,-0.9648,0.3296,-0.6447,0.4764
12,0.8446,0.3713,0.8210,0.8003,-0.5998
13,0.9252,-0.2516,0.8859,0.7266,-0.4498
14,-0.9993,0.8374,0.9885,0.6300,0.2827
15,0.7389,0.8126,-0.2074,-0.7340,-0.4491
16,-0.8337,0.4612,0.9626,0.0062,-0.8772
17,0.2644,-0.0366,0.6852,0.4003,-0.6483
18,0.3387,0.1805,-0.7419,-0.7235,-0.9149
19,-0.9560,-0.5795,0.0528,-0.8555,-0.6409
20,-0.2414,-0.5126,-0.4019,0.4402,-0.2869
21,-0.7093,-0.6766,0.5816,0.7215,-0.8030
22,-0.8552,-0.6263,-0.2661,-0.5151,-0.2208
23,0.2663,0.5852,-0.9440,0.2233,-0.3733
24,0.1980,0.9987,0.7734,0.3882,0.6683
25,-0.2691,-0.8900,0.1787,0.9325,-0.2635
26,0.2411,-0.6832,0.1307,0.9907,0.9232
27,-0.7883,0.4272,0.0627,0.3417,-0.5944
28,-0.6394,0.3125,0.8116,0.9420,-0.3907
29,-0.8304,-0.7362,-0.3232,-0.8324,0.4095
30,-0.5001,-0.4473,-0.8935,0.9421,0.2318
31,-0.9123,0.9318,-0.9984,0.9606,-0.8964
32,-0.6823,0.4912,0.5549,-0.8664,0.9853
33,0.4023,0.2277,-0.7281,0.9038,-0.7499
34,0.6506,-0.8139,0.7973,-0.8782,0.9648
35,-0.5082,-0.5751,-0.1968,0.9521,-0.9587
36,0.3266,-0.8928,0.8993,-0.6867,0.9550
37,0.3965,-0.9711,-0.3331,0.9049,-0.8996
38,0.3116,-0.9213,0.8620,-0.7760,0.9348
39,0.6517,-0.8240,-0.6042,0.9225,-0.9141
40,0.1633,-0.8750,0.8164,-0.8244,0.9362
41,-0.1695,-0.7943,-0.6550,0.8529,-0.9811
42,0.1638,-0.7663,0.7075,-0.9493,0.9096
43,0.2202,-0.8619,-0.9969,0.8157,-0.9567
44,-0.1001,-0.6036,0.9250,-0.8213,0.9435
45,-0.1836,-0.7887,-0.7006,0.7810,-0.9614
46,-0.1256,-0.9105,0.9192,-0.7895,0.6934
47,0.4159,-0.5192,-0.4970,0.7934,-0.9177
48,0.0356,-0.8115,0.8966,-0.6438,0.9923
49,0.2994,-0.5910,-0.8173,0.7488,-0.9259
50,0.0097,-0.6763,0.8941,-0.6626,0.9605
51,-0.5059,-0.4268,-0.7171,0.8484,-0.9759
52,0.3026,-0.7125,0.6595,-0.9757,0.7469
53,0.1984,-0.7206,-0.9383,0.7673,-0.9023
54,-0.2011,-0.9693,0.8913,-0.6816,0.9761
55,-0.1413,-0.5807,-0.8425,0.7973,-0.9923
56,0.0544,-0.9301,0.7886,-0.6648,0.9268
57,0.3402,-0.3697,-0.7055,0.7737,-0.9401
58,0.0349,-0.7263,0.8903,-0.6182,0.9948
59,-0.0707,-0.6312,-0.7530,0.8113,-0.9929
60,0.0394,-0.5551,0.8677,-0.7604,0.9953
61,-0.3283,-0.3595,-0.7205,0.8555,-0.9348
62,-0.0477,-0.5435,0.8155,-0.9120,0.9429
63,0.0398,-0.7060,-0.9553,0.7529,-0.9442
64,-0.2026,-0.9394,0.8887,-0.7044,0.9764
65,-0.1255,-0.5952,-0.8455,0.7921,-0.9938
66,0.0496,-0.9310,0.8077,-0.6924,0.9084
67,0.4616,-0.3889,-0.7640,0.7846,-0.9603
68,0.0103,-0.7652,0.8837,-0.5897,0.9892
69,0.2750,-0.5874,-0.7785,0.7295,-0.9821
70,-0.0383,-0.7632,0.8949,-0.6997,0.9621
71,-0.5208,-0.1927,-0.7215,0.8248,-0.9457
72,0.2256,-0.7785,0.5744,-0.9843,0.8538
73,0.3239,-0.7549,-0.9384,0.7273,-0.9413
74,-0.2243,-0.9496,0.8848,-0.7217,0.9774
75,0.0229,-0.6362,-0.9184,0.7756,-0.9931
76,0.0463,-0.9285,0.7834,-0.7301,0.9171
77,0.5623,-0.3733,-0.7797,0.7729,-0.9689
78,-0.0277,-0.7210,0.8779,-0.6184,0.9913
79,0.2533,-0.5893,-0.8174,0.7206,-0.9858
80,-0.0788,-0.7223,0.8820,-0.7119,0.9554
81,-0.4948,-0.2081,-0.7804,0.8206,-0.9395
82,0.2692,-0.7513,0.5711,-0.9829,0.8243
83,0.2025,-0.7759,-0.9075,0.7275,-0.9455
84,-0.2297,-0.9616,0.8826,-0.7298,0.9885
85,0.0027,-0.6423,-0.9076,0.7760,-0.9948
86,0.0506,-0.9379,0.7904,-0.7091,0.9346
87,0.5267,-0.4081,-0.7659,0.7754,-0.9624
88,-0.0246,-0.7377,0.8909,-0.6345,0.9926
89,0.2548,-0.5755,-0.8229,0.7190,-0.9891
90,-0.0380,-0.7400,0.8773,-0.7141,0.9612
91,-0.4952,-0.2265,-0.7657,0.8151,-0.9342
92,0.1784,-0.7795,0.5837,-0.9871,0.8205
93,0.2543,-0.7984,-0.9249,0.7245,-0.9458
94,-0.2449,-0.9449,0.8816,-0.7167,0.9903
95,-0.0806,-0.6549,-0.9215,0.7771,-0.9956
96,0.0211,-0.9242,0.8054,-0.7187,0.9200
97,0.5655,-0.3963,-0.7292,0.7672,-0.9613
98,-0.0478,-0.7225,0.8961,-0.6320,0.9909
99,0.2994,-0.5778,-0.8138,0.7217,-0.9856
100,-0.0644,-0.7352,0.8845,-0.7089,0.9559
101,-0.4919,-0.2283,-0.7470,0.8151,-0.9389
102,0.2133,-0.7750,0.5883,-0.9885,0.8326
103,0.2060,-0.7771,-0.9101,0.7221,-0.9492
104,-0.2381,-0.9575,0.8820,-0.7218,0.9810
105,-0.0238,-0.6462,-0.9315,0.7742,-0.9945
106,0.0516,-0.9551,0.7940,-0.7183,0.9263
107,0.5094,-0.4291,-0.7574,0.7661,-0.9641
108,-0.0436,-0.7268,0.8874,-0.6273,0.9942
109,0.2559,-0.5549,-0.8207,0.7196,-0.9881
110,-0.0519,-0.7129,0.8748,-0.7490,0.9930
111,-0.9883,-0.4228,0.9992,0.8229,0.8885
112,0.5313,-0.4439,0.4712,-0.9435,-0.7544
113,-0.7243,-0.3438,-0.7828,-0.6708,-0.9232
114,-0.3866,-0.2054,0.8677,0.9229,0.7351
115,-0.9749,-0.8354,-0.8750,-0.1686,-0.7959
116,-0.7253,-0.9527,0.9705,0.8797,0.6614
117,-0.9041,-0.5254,-0.8689,-0.4709,-0.8752
118,-0.6703,-0.6542,0.8952,0.9499,0.9707
119,-0.3717,0.8005,0.9723,0.9201,0.9791
120,-0.7463,-0.0331,-0.0589,-0.9569,-0.8232
121,-0.7249,-0.9272,-0.9908,-0.9338,-0.7832
122,-0.1572,-0.2030,0.7513,0.8061,0.7994
123,-0.3561,0.1212,0.9587,0.7552,0.6141
124,0.6534,0.3918,0.7206,0.9343,-0.8009
125,-0.1908,0.4154,0.9789,0.8710,0.6593
126,-0.9178,0.7212,0.9247,0.9597,0.7817
127,-0.6654,-0.9270,-0.8718,-0.5902,-0.6336
128,-0.5040,-0.6519,-0.5589,-0.8026,-0.2836
129,-0.2376,-0.5498,-0.7867,-0.4993,-0.9844
130,-0.3506,-0.4302,0.2023,0.9522,0.8460
131,0.3167,-0.5249,0.6506,-0.6701,0.9932
132,-0.3265,-0.7757,0.0780,-0.4892,0.6578
133,-0.4238,0.7048,0.9644,0.7984,0.9327
134,0.2670,0.6015,0.9328,0.9424,0.5967
135,-0.4566,0.1392,0.7955,0.7745,0.9133
136,-0.8287,-0.7903,0.8111,-0.1468,0.5674
137,-0.2317,0.5441,0.6266,0.9752,0.8064
138,0.5207,0.0423,0.4598,-0.9892,-0.6722
139,-0.1866,-0.6129,0.9896,0.4713,0.5834
140,0.2526,-0.9355,0.6612,-0.5239,-0.8671
141,0.1443,-0.2720,-0.4805,0.4885,-0.3528
142,-0.9472,0.2676,0.1867,0.8942,-0.7479
143,-0.6848,-0.5708,0.9290,0.7222,-0.9585
144,0.6412,-0.8541,0.9054,0.9928,-0.7707
145,0.4946,-0.8740,0.6189,-0.9994,-0.7752
146,-0.8021,-0.0743,-0.9341,-0.4434,0.8403
147,-0.8352,-0.7673,-0.2255,-0.9557,0.7635
148,-0.3231,-0.8872,0.2695,-0.7892,0.9561
149,-0.2521,0.9161,0.8220,0.8676,0.8022
150,-0.6050,0.1780,0.8954,0.8113,-0.6070
151,-0.5652,-0.7789,-0.9432,-0.7735,-0.1379
152,0.6696,-0.9595,0.9326,0.9484,-0.8203
153,-0.0973,-0.6232,0.8945,-0.3862,0.8979
154,0.4344,-0.6012,0.3095,0.9971,-0.9197
155,-0.1031,-0.7922,0.1139,0.7869,-0.5432
156,-0.9920,0.3493,0.9600,-0.4827,0.0728
157,-0.5893,0.8578,0.9267,0.9807,0.5306
158,0.7013,0.5562,0.0119,0.8975,0.5560
159,-0.6300,-0.7747,-0.0067,-0.8141,0.7822
160,-0.8818,0.0085,-0.4260,0.9565,-0.3805
161,-0.1096,-0.3121,0.7240,0.9341,-0.6082
162,-0.7121,0.5716,-0.9690,0.8891,0.8456
163,-0.6057,0.4007,-0.4265,0.8071,-0.8434
164,-0.5970,-0.3566,-0.4426,0.9475,0.6074
165,0.6319,-0.7671,0.1484,-0.6696,-0.9329
166,-0.3357,-0.9777,0.5375,0.9422,-0.6445
167,-0.6164,-0.7181,0.7997,-0.3483,-0.9651
168,-0.5396,-0.4293,-0.4252,-0.7873,-0.9577
169,-0.1699,-0.4412,-0.9056,-0.9838,0.5848
170,-0.8124,-0.8005,0.9734,0.8706,-0.1913
171,-0.5759,-0.9618,0.8459,-0.4066,-0.8597
172,-0.5273,-0.5988,0.7267,0.9391,-0.9734
173,-0.2205,-0.9661,-0.3028,0.9349,-0.5959
174,0.0207,-0.8619,0.8455,-0.6673,-0.5913
175,-0.9155,-0.7328,-0.8263,0.1747,-0.8461
176,-0.2026,0.7537,0.9950,-0.8220,-0.9114
177,-0.4969,-0.0441,0.9627,-0.6277,-0.6137
178,-0.6901,-0.4442,0.9577,0.9333,-0.5166
179,0.2340,-0.3239,0.8178,0.6876,0.7483
180,-0.8036,-0.0341,0.8826,-0.8295,-0.3921
181,-0.9736,-0.3987,0.7648,0.8359,0.8737
182,-0.1876,-0.9182,0.3063,0.9079,0.7175
183,0.0049,-0.4214,0.6258,0.9732,0.8375
184,-0.8265,0.9791,0.9543,0.6630,0.8932
185,-0.8795,-0.3485,0.9517,-0.1778,0.9371
186,-0.7975,-0.3300,0.5417,0.6909,0.9221
187,0.3672,-0.1751,0.9445,-0.6973,0.7435
188,0.4948,0.1319,0.9783,0.9489,0.6932
189,-0.1297,0.9424,0.8287,0.9043,0.7676
190,-0.3264,-0.5510,0.9883,0.5658,0.9507
191,-0.8759,0.9426,0.9669,-0.5060,0.0897
192,-0.9750,0.5175,0.9934,0.8242,-0.6696
193,-0.0894,0.8037,0.9160,0.8778,-0.8370
194,-0.8150,0.8070,0.7623,0.7599,-0.5141
195,-0.7195,-0.1705,0.6315,-0.2794,-0.9429
196,-0.6725,-0.9294,-0.0016,0.4200,-0.9486
197,-0.5457,-0.8356,0.7922,0.9882,-0.6624
198,-0.7369,-0.9827,0.9519,0.5205,-0.6512
199,-0.7914,-0.8974,0.8414,0.1484,-0.8705
200,-0.6074,0.5184,0.6224,0.5629,-0.6980
201,-0.7672,0.8150,-0.7498,-0.7743,0.9758
202,-0.8698,0.9458,-0.0997,0.7630,0.7735
203,-0.9717,-0.8825,0.8701,-0.7644,0.1123
204,-0.5029,-0.6851,0.2448,-0.6090,0.2796
205,-0.9108,-0.8411,0.9626,-0.9701,0.0274
206,-0.7599,-0.6627,0.8182,-0.8550,-0.6123
207,-0.6467,-0.3633,0.3304,0.9860,0.6819
208,-0.9540,0.9669,0.6307,-0.2449,-0.7334
209,-0.7984,-0.7840,-0.1321,0.9641,-0.6939
210,-0.4716,-0.4090,0.2605,0.9617,0.8732
211,-0.3787,-0.7599,0.7979,0.6176,0.0233
212,-0.7518,-0.2687,0.7445,0.8957,-0.4526
213,-0.5217,-0.7140,0.8815,0.9744,-0.7417
214,-0.8766,0.9064,-0.6343,0.9313,0.6342
215,-0.6301,-0.1995,-0.7736,-0.4390,0.7360
216,-0.8513,-0.8666,0.7438,0.6302,0.5869
217,-0.8605,-0.5325,0.7199,0.9395,0.1881
218,-0.9646,0.5384,-0.4053,0.7313,-0.7183
219,-0.9255,0.9153,0.8939,-0.5938,-0.7982
220,-0.7929,-0.5085,0.9790,-0.2779,-0.9401
221,-0.9631,0.6200,0.3049,0.9657,0.6912
222,-0.8921,0.1399,0.9494,-0.3813,0.3604
223,-0.1368,-0.5933,0.9662,0.6847,-0.6651
224,-0.8962,0.3899,0.8926,-0.9142,0.7901
225,-0.9552,-0.7637,0.3349,-0.3344,-0.7967
226,-0.6204,-0.7247,0.6622,0.9018,0.5186
227,-0.9338,-0.5306,0.9225,-0.7353,0.7040
228,-0.8328,0.4050,0.8432,0.7999,0.6615
229,-0.6432,0.8189,0.8839,-0.7187,-0.0204
230,-0.5740,-0.6035,-0.8735,0.9685,0.9923
231,-0.5521,0.8146,0.9738,0.8242,-0.6441
232,-0.8985,-0.4639,0.9830,0.9519,-0.0295
233,-0.8265,-0.7826,0.7446,0.6579,-0.8722
234,-0.4412,-0.8712,0.7344,0.9196,-0.8121
235,-0.4856,-0.3230,0.9587,-0.4597,-0.9791
236,-0.2485,0.5017,-0.4225,0.8694,-0.9804
237,-0.8896,0.7181,0.6064,-0.5350,-0.8919
238,-0.4498,-0.4962,-0.4280,0.5564,-0.9490
239,-0.9809,-0.8155,0.4444,-0.5082,-0.6708
240,-0.9828,-0.4440,0.9516,-0.1094,-0.9153
241,-0.7834,-0.7025,-0.2808,-0.9385,-0.8359
242,-0.4055,-0.3337,-0.6266,0.9944,0.5420
243,-0.8717,-0.7747,0.6884,0.9569,-0.8285
244,0.3856,0.7635,0.5408,-0.4482,-0.7823
245,0.1328,0.5079,-0.9506,-0.7486,-0.6865
246,-0.2297,0.8653,0.9679,0.8714,0.9210
247,-0.9414,0.7624,0.7712,-0.8333,0.7107
248,-0.3602,0.9119,0.9275,-0.5839,0.3652
249,-0.2277,-0.5817,0.9338,-0.9515,0.6672
250,-0.9461,0.2606,-0.4906,-0.9957,0.6271
251,0.4336,-0.5938,0.7568,-0.4129,0.5570
252,-0.2380,0.3744,0.8496,0.9838,0.2789
253,-0.7439,-0.9958,-0.9285,-0.9771,-0.6161
254,-0.8438,0.2051,0.8745,0.7565,0.7704
255,-0.8654,-0.6332,-0.9805,0.7757,0.5957
256,-0.1809,-0.5187,-0.7917,0.8806,-0.8451
257,-0.2306,0.7782,-0.6934,-0.3844,-0.8019
258,-0.4034,0.6618,0.7890,-0.7360,0.8557
259,-0.5542,0.9189,0.7230,-0.6549,-0.9413
260,-0.7074,0.9582,0.8523,-0.9781,0.4622
261,0.2329,-0.2936,0.9641,0.7994,0.8184
262,-0.4445,-0.0363,0.7859,0.9944,-0.5651
263,-0.1628,-0.7288,0.8406,0.9177,-0.7710
264,-0.4352,-0.6646,-0.3043,-0.3305,-0.8129
265,-0.8594,0.2071,0.9020,-0.5213,0.2568
266,0.4046,-0.7121,0.9989,-0.8707,-0.4460
267,-0.2832,0.4528,0.7344,0.9238,-0.7308
268,-0.3497,-0.6576,0.7849,0.7419,-0.3842
269,-0.8644,-0.2867,0.8717,-0.6858,0.7868
270,-0.2403,-0.5881,0.0009,-0.5813,0.7405
271,0.4646,-0.9793,-0.1386,-0.7484,0.3302
272,0.3681,-0.1256,-0.6666,-0.9725,0.5669
273,-0.0163,-0.8399,0.1556,-0.9613,-0.5585
274,0.1741,-0.4428,0.9547,-0.9743,-0.5336
275,-0.7887,0.1253,0.4999,0.9846,-0.5507
276,-0.5979,-0.7094,0.8714,0.5825,0.8104
277,-0.8275,0.3600,0.9308,0.7022,-0.8474
278,-0.8015,-0.6633,-0.6771,-0.5068,-0.8005
279,0.5327,-0.5942,0.9544,-0.5638,0.8180
280,0.3827,0.2458,0.1963,-0.9289,-0.9954
281,-0.5349,-0.9558,-0.5093,0.9385,-0.9905
282,-0.3393,-0.9112,0.6148,-0.8051,-0.9844
283,-0.9948,-0.1839,0.9534,-0.4731,0.7328
284,-0.2262,0.9858,0.9559,-0.5925,-0.7637
285,-0.9050,0.8924,-0.7510,0.9242,-0.0011
286,-0.9886,0.7669,0.3023,-0.8316,0.7490
287,-0.3043,0.6642,-0.4858,-0.7384,0.8287
288,-0.7411,-0.2676,0.4952,-0.8360,-0.4008
289,0.5061,-0.9157,0.6616,0.9637,-0.4557
290,-0.2105,-0.4630,0.8233,-0.9997,0.6907
291,-0.4819,-0.7260,0.9786,0.9810,-0.8683
292,-0.0905,-0.9586,0.9286,0.9953,0.7872
293,-0.7138,0.4585,0.9376,0.7813,-0.9256
294,-0.0262,-0.8803,0.9699,0.8976,-0.5163
295,-0.6869,0.9161,0.9716,-0.2145,-0.9762
296,0.3052,-0.9704,0.8865,-0.5563,0.5991
297,-0.4179,-0.4059,-0.3676,0.9854,0.8926
298,-0.1822,-0.5903,-0.3377,0.9252,-0.9695
299,-0.6667,-0.8622,-0.8857,0.9957,-0.9436
300,0.1805,-0.4231,0.9288,-0.6570,0.5201
301,-0.8146,-0.6724,0.8680,0.9544,0.0237
302,-0.0515,-0.8334,0.9032,-0.8062,-0.4096
303,-0.7631,-0.3932,-0.6562,0.9389,0.3397
304,0.7591,-0.6623,0.9943,-0.8289,0.9622
305,0.1739,-0.8646,-0.5657,-0.7537,-0.4482
306,-0.4550,-0.3895,0.8671,0.9952,-0.3917
307,-0.5849,0.2702,0.9579,-0.6229,-0.8279
308,-0.3059,0.1080,0.4861,0.9390,0.4229
309,0.1572,0.3445,-0.7453,-0.7246,0.3916
310,-0.1168,-0.0726,0.7317,-0.6326,0.7014
311,0.0171,-0.5964,-0.8226,0.9795,0.6380
312,-0.4827,-0.1462,0.9101,-0.9720,-0.4187
313,-0.7391,-0.8970,0.8717,0.9401,0.7285
314,-0.1754,-0.8671,-0.8843,-0.3606,0.9692
315,-0.9735,-0.9129,0.7459,-0.9236,0.7142
316,-0.8668,-0.8690,0.9812,0.9816,-0.7191
317,-0.9874,-0.5220,-0.7054,0.8914,-0.2519
318,-0.6283,-0.9002,0.9382,-0.6108,-0.5295
319,-0.3298,-0.3292,0.6512,-0.9031,-0.9964
320,-0.3314,-0.7664,-0.4231,0.9215,-0.9663
321,-0.7444,0.6042,0.5896,-0.6548,-0.9626
322,-0.2962,0.5708,0.5939,-0.9124,-0.7568
323,-0.4411,-0.5327,-0.4810,-0.9690,-0.6885
324,0.3492,-0.3875,0.8299,0.9474,0.6512
325,-0.7079,0.8347,0.9622,-0.9527,-0.7918
326,0.2195,-0.7579,-0.8271,0.8000,-0.8112
327,-0.8819,-0.9499,0.9569,0.9559,0.4955
328,-0.6053,0.6435,0.9653,-0.9343,-0.9346
329,-0.4559,-0.0496,0.9284,0.8243,-0.7400
330,-0.0651,-0.9420,0.9696,0.8999,-0.9851
331,-0.5284,-0.5301,0.5973,-0.8947,-0.2143
332,-0.5701,-0.2586,0.0204,-0.7530,-0.9520
333,-0.9172,-0.2364,-0.0736,-0.4405,0.7400
334,0.8496,0.5832,-0.2173,-0.8158,0.7826
335,-0.6875,0.0865,-0.5407,-0.9409,-0.4706
336,-0.7997,0.3291,-0.3814,0.8759,-0.9818
337,-0.4002,-0.4185,0.9090,-0.6220,-0.8381
338,-0.5307,-0.4160,0.8114,-0.7719,0.7408
339,0.1850,0.4212,0.9889,0.8749,-0.9326
340,-0.4274,0.9908,0.8845,0.7190,0.8004
341,0.2197,-0.8740,-0.8879,0.8717,-0.4907
342,-0.8505,-0.6396,-0.3136,0.9711,0.7587
343,0.9323,-0.3349,-0.9377,0.9368,0.3872
344,-0.9144,0.0965,-0.8855,0.9284,-0.3929
345,-0.5873,-0.8740,0.9912,0.9438,0.5243
346,-0.3107,0.6518,0.7276,0.9283,-0.5582
347,-0.4110,0.8295,0.7159,-0.3563,0.9335
348,-0.5187,0.1576,0.9675,-0.4290,0.9522
349,-0.4810,-0.9890,-0.8539,0.8981,-0.2768
350,-0.6589,0.1858,0.1305,0.9954,-0.9108
351,-0.1848,0.4567,0.8758,0.9899,-0.8793
352,-0.4956,-0.5043,-0.5761,0.8837,-0.9491
353,0.0212,-0.5241,-0.2503,0.9587,0.5001
354,-0.8160,0.6833,0.7522,-0.4307,-0.5865
355,-0.1861,-0.7925,-0.9284,-0.3715,-0.9218
356,-0.9924,-0.4392,-0.7487,0.8410,-0.9853
357,-0.5757,-0.3476,-0.9870,-0.2936,-0.6830
358,-0.6216,0.4033,-0.5562,-0.4617,-0.9198
359,0.1347,-0.0630,-0.2063,0.9525,-0.6328
360,-0.7964,0.9124,-0.7852,-0.6761,0.5302
361,-0.9269,-0.8249,0.6666,-0.9334,-0.6715
362,0.0913,-0.2760,-0.8854,-0.9946,0.7721
363,0.2388,0.3939,-0.7972,-0.9911,-0.0353
364,-0.4557,-0.2252,-0.9382,-0.6687,0.0254
365,0.2521,0.4991,0.4765,0.8494,0.4569
366,-0.8087,0.0540,0.7515,0.8623,-0.7116
367,0.4790,-0.0262,-0.8017,0.7866,0.9831
368,-0.8881,-0.6453,-0.3279,0.7150,0.8966
369,0.6957,-0.3779,0.8577,0.8911,-0.9883
370,0.3417,-0.5935,-0.8028,-0.6807,-0.9053
371,-0.4984,0.0687,-0.7170,-0.5025,-0.9904
372,0.0376,-0.0882,-0.7570,-0.3397,-0.9627
373,0.7019,-0.8050,0.8846,0.7990,-0.9218
374,-0.6543,-0.7085,-0.4014,0.8242,0.7498
375,-0.0714,0.6202,-0.6163,-0.4318,-0.7945
376,-0.8682,0.3536,0.3003,0.7331,0.4117
377,0.9610,0.9527,0.4844,0.8263,0.9517
378,-0.4677,0.6727,0.8405,0.9388,0.8692
379,0.8731,0.6344,0.9900,0.9643,0.8049
380,0.8953,0.8136,0.3658,0.9523,0.4084
381,-0.8827,0.9479,0.9986,0.9327,0.8927
382,0.6000,-0.9952,-0.6295,0.6473,0.9379
383,0.8142,0.8745,-0.7072,0.0663,0.6414
384,0.5760,0.7533,0.9489,-0.9695,0.1433
385,-0.9162,0.9455,0.9706,0.7266,-0.8745
386,0.4917,0.5587,0.3369,0.8980,-0.6789
387,0.8211,0.5781,-0.3064,0.8958,-0.9150
388,0.8631,0.6800,-0.5306,0.3517,-0.4755
389,0.3520,0.6529,0.8236,-0.5281,0.6501
390,0.1678,0.4241,0.3485,0.9755,0.2313
391,0.7609,-0.6348,-0.9061,0.8045,0.6512
392,0.4031,0.5484,0.0564,0.7417,0.4448
393,0.7285,0.9143,0.5361,0.6418,0.7387
394,0.9701,0.8287,0.7836,0.9794,-0.0673
395,0.8532,0.5746,-0.2028,0.7475,0.9436
396,-0.5847,0.9671,-0.0253,-0.7220,-0.7997
397,0.3405,0.6904,0.6012,0.2856,0.5694
398,-0.9303,0.4112,0.5613,0.8007,-0.1334
399,0.8023,0.1385,0.8617,0.7975,-0.7429
400,0.9196,0.4380,0.6812,0.4394,0.9892
401,-0.2493,0.7489,0.5182,-0.7745,-0.2236
402,0.6980,0.8607,0.8424,0.6871,0.1810
403,0.9100,0.6416,0.8472,0.7718,0.4010
404,0.6525,0.7828,0.5667,0.5827,0.8963
405,-0.6023,0.9826,0.4606,0.8359,0.3057
406,0.6278,0.6204,-0.9692,0.9829,0.1192
407,0.6907,0.4020,0.9184,0.9504,0.7743
408,0.6725,0.8652,0.0119,0.8528,0.1736
409,0.3559,0.6753,0.6064,0.9707,0.9128
410,0.3825,0.9620,0.3298,0.8882,0.3391
411,-0.4620,0.2289,0.8951,-0.8449,-0.5071
412,0.3682,0.8906,-0.6398,-0.5410,-0.7232
413,0.8908,0.9368,-0.1023,-0.5325,-0.1834
414,0.5201,0.3245,0.8557,0.9370,-0.5698
415,0.5937,0.5195,-0.9204,0.3774,0.5398
416,-0.0998,0.8434,-0.9521,0.0479,0.9806
417,0.7331,0.5455,0.7610,0.3597,-0.4822
418,-0.2880,-0.6320,0.6227,0.8844,0.0610
419,0.2680,-0.5294,0.9375,-0.5747,-0.0961
420,0.2724,-0.8259,0.6165,0.6022,-0.3378
421,-0.3970,0.3797,-0.1375,0.9482,-0.8650
422,-0.3945,0.2268,0.9040,0.5894,-0.9885
423,-0.3865,0.8811,0.5086,0.8648,0.6809
424,0.4126,-0.8465,0.7063,-0.1526,-0.4353
425,-0.3150,0.9788,0.1013,0.4528,0.8622
426,0.2260,0.1118,-0.9587,0.9682,-0.0315
427,-0.7757,0.9217,0.0717,-0.3569,-0.9457
428,-0.7693,-0.9442,-0.9314,0.5977,0.0455
429,-0.6418,0.7141,0.1936,0.9907,-0.6265
430,0.3441,-0.8490,0.3865,-0.0362,-0.8004
431,-0.9966,-0.0356,-0.9509,-0.7652,0.5220
432,-0.5081,0.4503,-0.5763,-0.9580,0.8638
433,-0.5971,0.8399,-0.2324,0.7391,-0.1515
434,-0.9476,0.1791,-0.5472,-0.9782,-0.3789
435,0.9798,0.0964,-0.8826,0.2535,0.5985
436,-0.4927,-0.4732,-0.6830,-0.3226,-0.9085
437,0.4406,0.7341,0.2007,0.5842,-0.8611
438,-0.7720,0.2094,-0.4655,-0.2075,-0.6181
439,0.2855,-0.3744,-0.8726,0.6286,-0.4269
440,-0.7152,-0.5770,-0.3878,0.8935,0.4374
441,0.2596,-0.8397,0.5532,0.5851,0.2869
442,0.3818,-0.9913,-0.3348,0.8595,-0.7178
443,-0.4111,-0.9257,-0.6231,-0.6016,-0.8064
444,-0.2300,0.8731,-0.9304,-0.3735,0.9781
445,-0.6485,-0.9223,-0.4979,0.6383,0.8198
446,-0.7727,-0.7635,-0.6522,0.6084,0.4780
447,-0.9295,-0.5329,-0.7883,0.5367,-0.5775
448,-0.7628,-0.7038,-0.8979,0.3915,-0.8663
449,0.0932,0.8172,-0.7906,0.1080,-0.8125
450,-0.7440,0.7533,0.3612,0.6169,0.4486
451,0.9175,-0.6377,0.6729,-0.9899,-0.9212
452,-0.7109,0.9694,-0.1469,0.7454,0.8587
453,-0.9999,-0.7693,-0.7857,-0.8203,0.7216
454,-0.5205,-0.6285,0.9933,-0.9386,-0.6043
455,0.9991,0.3589,-0.2128,0.6340,0.5926
456,0.8322,0.5092,-0.1108,0.6408,-0.7729
457,-0.8854,-0.5172,0.3113,0.8576,0.1999
458,-0.9000,-0.8475,-0.3596,-0.6705,-0.9403
459,-0.9835,-0.6040,-0.9657,0.9023,-0.5689
460,-0.4448,-0.8993,-0.3913,0.1023,-0.8490
461,-0.4410,-0.2903,-0.8267,0.3247,0.6773
462,-0.8017,0.3640,-0.7570,-0.6658,-0.9093
463,-0.7326,-0.8349,0.4099,-0.5809,-0.5099
464,-0.9912,-0.7028,-0.3473,0.9061,-0.8455
465,-0.6699,-0.4653,0.9768,0.0970,0.4871
466,-0.9407,0.5997,0.5298,0.0918,-0.9615
467,-0.1205,-0.7250,-0.9718,0.4859,-0.8113
468,-0.7542,-0.7357,-0.5588,0.3639,-0.8826
469,-0.3581,-0.9588,0.5408,0.8020,0.4531
470,0.3286,0.0159,0.8887,0.8185,-0.5402
471,-0.4539,-0.9359,-0.9822,0.4683,-0.5681
472,-0.7711,0.7929,0.4763,-0.5868,0.1997
473,-0.6116,0.7216,-0.2799,0.3019,-0.5987
474,-0.9905,-0.9411,0.5031,-0.0676,-0.6920
475,-0.6498,-0.8702,0.2112,-0.7589,0.3647
476,-0.7509,0.5749,0.3433,-0.9593,-0.0702
477,-0.0107,0.7610,0.3356,0.5595,-0.8044
478,-0.8048,-0.8887,-0.8830,-0.1119,0.7228
479,-0.6896,0.8176,0.4971,0.7718,-0.6836
480,-0.4683,0.8601,0.8729,-0.8273,-0.4344
481,0.5797,-0.5619,0.5853,0.0600,-0.9565
482,-0.7944,-0.7889,-0.9172,-0.6115,0.6899
483,-0.5539,0.3116,0.8378,0.6475,-0.9818
484,-0.1931,-0.7488,-0.4823,0.6149,-0.7297
485,-0.9646,-0.4912,0.8934,0.1753,-0.9623
486,-0.5615,-0.2714,-0.5620,0.6181,-0.9333
487,-0.6074,-0.6983,-0.3923,0.7024,-0.2659
488,-0.1497,0.7704,-0.8127,-0.3470,-0.7181
489,-0.9802,-0.8502,0.7842,-0.7757,-0.2794
490,0.3784,0.7476,-0.8261,-0.4186,-0.8574
491,-0.9012,-0.2652,-0.1053,-0.7980,-0.9117
492,-0.6529,0.4185,0.6040,0.9727,0.5620
493,-0.5831,0.9036,-0.5084,0.3069,0.1480
494,-0.8240,0.9843,-0.2745,-0.8837,0.2842
495,0.3567,0.7951,-0.5708,0.8897,-0.4097
496,-0.2568,-0.4827,-0.1651,0.8521,0.0645
497,-0.0737,0.2326,0.6943,-0.9373,0.6336
498,-0.8738,-0.6679,-0.5401,0.0642,0.7480
499,-0.2343,-0.1488,-0.7201,0.8727,-0.3482
500,-0.6461,-0.3676,0.0726,-0.4861,-0.6786
501,-0.7232,-0.3105,-0.7823,0.9967,0.2286
502,-0.3456,-0.5547,-0.7481,0.9804,-0.9506
503,-0.1846,-0.7718,0.7802,-0.9777,-0.8545
504,-0.9699,-0.6219,-0.9647,0.2407,-0.7551
505,0.4285,-0.9209,-0.0438,0.6831,0.3811
506,-0.4512,0.3497,-0.9555,0.5353,-0.5157
507,-0.7937,0.7234,0.8932,-0.2929,0.9137
508,-0.8139,-0.9875,-0.8629,0.1854,0.9184
509,-0.4514,-0.9043,0.7494,-0.5663,0.3168
510,-0.3895,0.6057,0.8508,0.9378,0.7438
511,0.3096,-0.2893,-0.7857,0.4138,0.9451
512,-0.4437,-0.7861,0.1799,0.8994,-0.7849
513,-0.6114,-0.7281,0.9541,0.8616,-0.9707
514,-0.9879,0.9916,0.9038,-0.9232,-0.3505
515,-0.8779,-0.8242,-0.1917,0.6040,0.4844
516,0.6386,0.8361,0.5227,-0.9246,-0.5567
517,-0.7433,-0.8899,0.5513,-0.4599,0.9680
518,0.6595,-0.7986,0.6995,-0.8163,0.4597
519,-0.9860,-0.8923,0.5038,-0.5327,0.2469
520,0.6897,0.6205,0.3625,0.3458,-0.5100
521,0.1694,-0.6296,-0.4073,0.9505,0.3620
522,0.8904,-0.9124,-0.7622,0.9096,-0.1685
523,-0.9745,-0.6370,-0.1134,0.9418,0.8925
524,0.5021,-0.4446,-0.7296,0.3705,-0.9239
525,-0.9751,-0.7368,-0.5673,-0.5729,-0.3021
526,-0.8240,-0.0236,-0.9688,0.6334,-0.1349
527,0.5436,-0.5420,-0.5622,0.2255,-0.9463
528,-0.8416,-0.8168,-0.4314,-0.0154,-0.9675
529,-0.4796,0.7912,0.6679,0.7204,-0.8656
530,-0.8381,-0.7534,-0.3269,-0.3893,-0.7094
531,-0.7806,0.4772,-0.9519,-0.7486,-0.7415
532,-0.9596,-0.6158,-0.2150,0.7917,0.7999
533,0.5008,0.4614,0.3148,-0.6560,0.5058
534,-0.6601,0.0164,-0.7752,-0.1825,-0.7494
535,-0.8624,-0.9789,0.7438,0.8562,-0.7426
536,-0.6809,0.9811,-0.8808,0.7460,-0.7006
537,-0.0134,-0.2788,0.8828,0.5814,-0.6759
538,-0.5041,0.8407,0.3868,-0.9555,-0.8832
539,-0.6087,-0.4701,0.7249,0.1422,-0.6771
540,-0.2545,0.7754,-0.7041,0.3147,0.4647
541,-0.9297,-0.5450,-0.7275,0.1547,0.2972
542,-0.8901,-0.7395,-0.7987,0.6911,-0.8745
543,-0.4670,0.3585,-0.9811,-0.7215,0.5380
544,-0.7773,0.7912,-0.6123,0.7114,-0.9692
545,-0.3204,-0.8986,0.7922,0.4666,0.6895
546,0.8712,0.4852,-0.7427,-0.7851,-0.5917
547,-0.3834,0.5491,-0.8705,0.9954,-0.9088
548,-0.2438,-0.6892,-0.4945,-0.8645,-0.8894
549,0.8191,-0.2707,-0.7142,0.0202,-0.4575
550,0.1807,-0.4307,0.6287,-0.6483,-0.4503
551,-0.7562,-0.7464,0.9607,0.5189,0.2928
552,-0.8953,0.8933,-0.2437,-0.0097,0.5271
553,-0.7307,-0.8968,0.4084,-0.9719,0.4503
554,-0.6591,0.5459,0.8864,-0.2530,-0.3036
555,-0.9138,-0.4339,0.4624,0.6133,0.1437
556,-0.7583,-0.9674,-0.7602,0.6012,-0.8618
557,0.9348,-0.9341,-0.4671,0.9907,-0.2260
558,-0.5141,-0.9770,0.6759,0.7387,-0.3784
559,-0.6743,0.6957,-0.9700,0.9165,-0.1407
560,-0.7176,0.0344,-0.6188,0.6719,0.6636
561,-0.2566,-0.7088,-0.8807,-0.1632,-0.3670
562,-0.9179,-0.4819,-0.4720,0.7554,-0.5129
563,-0.9970,-0.8989,0.5868,0.5711,0.9193
564,-0.5486,-0.8769,0.5561,0.8969,-0.6210
565,-0.9969,-0.8999,0.2619,-0.7160,0.7228
566,0.1122,-0.5342,0.5412,0.9514,-0.5108
567,-0.6786,-0.5427,-0.1445,0.9147,-0.6748
568,-0.4193,-0.2433,-0.6096,-0.6557,-0.9837
569,-0.5411,-0.9466,-0.0842,-0.1588,0.9118
570,-0.3227,-0.6958,-0.8543,0.9890,-0.7547
571,-0.7778,-0.4602,-0.7234,-0.2547,0.4756
572,-0.9002,0.1314,0.6509,-0.5140,-0.4400
573,-0.4752,-0.9290,0.9703,0.7053,-0.6113
574,-0.2128,-0.9175,0.4738,0.5934,-0.9128
575,-0.9934,-0.8204,-0.2955,0.8613,-0.2824
576,0.9506,-0.2273,0.6879,-0.2269,0.7831
577,-0.2720,0.5749,0.5485,0.9955,-0.8594
578,-0.6023,0.5111,-0.6812,-0.6660,-0.5604
579,-0.8360,0.8566,-0.2369,0.2109,-0.3426
580,-0.5242,-0.7723,0.6547,0.9547,-0.6409
581,-0.8183,-0.6992,0.5365,-0.5410,0.4666
582,-0.9683,-0.9455,0.6407,-0.7644,-0.5397
583,-0.5157,-0.4156,-0.7102,0.9704,-0.8953
584,-0.5693,0.7163,-0.9567,0.4963,-0.8932
585,-0.0943,0.4339,-0.1999,0.7538,-0.9182
586,-0.8941,0.8063,-0.9801,0.1540,-0.9512
587,-0.7274,0.4761,0.0060,-0.3337,-0.9069
588,0.1783,-0.3998,0.8013,0.9246,0.9977
589,-0.8881,0.2240,-0.4568,-0.6083,-0.2697
590,-0.4976,-0.0310,0.9760,0.9487,-0.8597
591,-0.5477,-0.1745,0.9338,0.7086,-0.5130
592,0.3324,-0.3011,-0.8681,-0.9527,0.5700
593,-0.9209,-0.9957,0.9127,0.4292,-0.2608
594,0.4307,0.5208,0.9546,0.6813,-0.2783
595,0.8758,-0.8848,0.3851,0.3011,-0.8643
596,0.9784,-0.7738,0.4606,-0.9944,-0.0270
597,-0.7877,0.9227,0.5422,-0.5339,-0.4811
598,-0.6195,-0.3678,-0.7931,0.2110,-0.9783
599,-0.4524,-0.1871,-0.8230,0.4919,-0.3027
600,-0.5251,0.8974,0.2515,0.8152,-0.8992
601,-0.2415,-0.5057,-0.5161,0.2842,-0.9127
602,-0.4289,-0.8452,0.2952,0.7248,0.2899
603,-0.5566,-0.4572,0.9140,-0.4193,-0.2205
604,-0.7455,-0.9840,-0.2746,-0.2325,0.5580
605,0.5164,0.5265,-0.4124,-0.9136,-0.1900
606,-0.9320,-0.8599,0.0625,-0.4784,-0.9143
607,-0.9033,0.6876,-0.4859,0.8532,-0.7876
608,0.7237,-0.3662,0.2879,-0.2765,-0.4599
609,0.7301,0.0913,-0.9095,0.8912,0.7229
610,-0.0924,-0.3724,-0.8703,0.7441,-0.8477
611,-0.4148,-0.7990,-0.3349,0.6529,-0.3258
612,0.8407,-0.7664,-0.4183,0.2003,0.8249
613,-0.5726,0.4318,-0.9483,0.6735,-0.9702
614,-0.9057,0.5891,-0.3634,0.8730,-0.3849
615,0.7424,0.4055,-0.9883,0.8116,-0.5140
616,-0.5460,0.3227,0.8196,-0.5621,0.1600
617,-0.4289,-0.6915,0.8766,0.7052,0.1432
618,-0.9889,-0.6611,0.3599,0.3824,-0.2711
619,0.3852,-0.1657,0.3917,-0.4099,0.8795
620,0.7746,-0.9708,-0.7847,-0.1382,-0.8970
621,-0.1204,-0.2800,-0.3797,0.9024,-0.8613
622,-0.5838,-0.6632,0.6167,0.4607,-0.6104
623,0.8202,-0.0819,-0.5782,0.3801,-0.3507
624,-0.8740,-0.0339,-0.6706,0.3312,-0.9724
625,-0.7946,0.5460,0.5687,-0.0403,-0.5989
626,-0.9727,0.5744,0.7562,0.3951,-0.9910
627,-0.5819,-0.8512,0.9452,0.2255,0.7796
628,0.7832,0.1983,0.5031,0.0895,-0.8165
629,-0.2322,0.6609,0.9860,-0.9402,-0.5083
630,-0.2259,0.6598,-0.3568,-0.6201,0.8318
631,0.8911,-0.8614,0.4730,0.8160,-0.2818
632,-0.2064,-0.7234,0.7860,-0.1680,-0.8701
633,-0.8159,0.9424,-0.4349,-0.0050,0.5023
634,-0.8392,-0.8642,-0.3158,0.9297,0.1406
635,0.1218,-0.2626,0.0698,-0.7271,-0.9407
636,-0.8834,-0.1619,-0.9604,-0.3228,-0.3969
637,-0.8476,-0.9726,-0.7353,-0.5835,-0.5759
638,-0.7511,-0.6084,0.5615,0.4095,-0.5658
639,0.8272,0.5511,0.7006,-0.7135,-0.2354
640,0.8897,0.8433,0.2708,0.9820,0.3048
641,-0.5745,-0.6527,0.0160,0.8689,-0.6635
642,-0.8387,-0.8685,0.4016,0.5993,0.7948
643,-0.0206,-0.7150,0.3772,-0.9472,0.4210
644,-0.9352,-0.4534,0.0577,0.9286,-0.7547
645,-0.3488,-0.3333,0.8131,0.9731,0.9490
646,-0.3602,0.1021,0.3637,0.9252,0.8649
647,-0.2665,-0.6159,-0.5272,-0.6675,-0.8369
648,-0.7548,0.1306,0.1313,0.4095,0.5221
649,-0.7077,-0.6435,-0.8550,-0.7176,-0.9384
650,-0.5891,-0.6498,0.8577,0.4301,0.2965
651,-0.5969,0.9859,-0.1448,0.1922,-0.8244
